flight_id,flight_no,city_departure,city_arrival,timezone,latitude,latitude,model,range,scheduled_departure,actual_departure,scheduled_arrival,actual_arrival,departure_airport,arrival_airport,aircraft_code,way_minutes,count_seats,count_ticket,occupancy,sum_amout,count_economy,sum_econom,count_business,sum_business
136117,PG0252,Anapa,Moscow,Europe/Moscow,37.4146,55.972599,Boeing 737-300,4200,2016-11-11T10:05:00Z,2016-11-11T10:08:00Z,2016-11-11T11:45:00Z,2016-11-11T11:49:00Z,AAQ,SVO,733,100.0,130,123,94,1799400.00,111,1360200.00,12,439200.00
136119,PG0252,Anapa,Moscow,Europe/Moscow,37.4146,55.972599,Boeing 737-300,4200,2017-01-03T10:05:00Z,2017-01-03T10:08:00Z,2017-01-03T11:45:00Z,2017-01-03T11:49:00Z,AAQ,SVO,733,100.0,130,113,86,1653000.00,102,1250400.00,11,402600.00
136120,PG0252,Anapa,Moscow,Europe/Moscow,37.4146,55.972599,Boeing 737-300,4200,2017-02-24T10:05:00Z,2017-02-24T10:07:00Z,2017-02-24T11:45:00Z,2017-02-24T11:46:00Z,AAQ,SVO,733,100.0,130,109,83,1605400.00,98,1202800.00,11,402600.00
136122,PG0252,Anapa,Moscow,Europe/Moscow,37.4146,55.972599,Boeing 737-300,4200,2017-01-08T10:05:00Z,2017-01-08T10:08:00Z,2017-01-08T11:45:00Z,2017-01-08T11:48:00Z,AAQ,SVO,733,100.0,130,97,74,1431000.00,87,1065000.00,10,366000.00
136129,PG0252,Anapa,Moscow,Europe/Moscow,37.4146,55.972599,Boeing 737-300,4200,2017-03-14T10:05:00Z,2017-03-14T10:11:00Z,2017-03-14T11:45:00Z,2017-03-14T11:50:00Z,AAQ,SVO,733,100.0,130,106,81,1518800.00,97,1189400.00,9,329400.00
136130,PG0252,Anapa,Moscow,Europe/Moscow,37.4146,55.972599,Boeing 737-300,4200,2017-02-13T10:05:00Z,2017-02-13T10:07:00Z,2017-02-13T11:45:00Z,2017-02-13T11:46:00Z,AAQ,SVO,733,100.0,130,107,82,1556600.00,97,1190600.00,10,366000.00
136131,PG0252,Anapa,Moscow,Europe/Moscow,37.4146,55.972599,Boeing 737-300,4200,2017-01-28T10:05:00Z,2017-01-28T10:07:00Z,2017-01-28T11:45:00Z,2017-01-28T11:46:00Z,AAQ,SVO,733,100.0,130,124,95,1812800.00,112,1373600.00,12,439200.00
136132,PG0252,Anapa,Moscow,Europe/Moscow,37.4146,55.972599,Boeing 737-300,4200,2017-02-15T10:05:00Z,2017-02-15T10:09:00Z,2017-02-15T11:45:00Z,2017-02-15T11:48:00Z,AAQ,SVO,733,100.0,130,116,89,1714000.00,104,1274800.00,12,439200.00
136135,PG0252,Anapa,Moscow,Europe/Moscow,37.4146,55.972599,Boeing 737-300,4200,2017-02-01T10:05:00Z,2017-02-01T10:08:00Z,2017-02-01T11:45:00Z,2017-02-01T11:48:00Z,AAQ,SVO,733,100.0,130,115,88,1678600.00,104,1276000.00,11,402600.00
136139,PG0252,Anapa,Moscow,Europe/Moscow,37.4146,55.972599,Boeing 737-300,4200,2017-03-07T10:05:00Z,2017-03-07T10:06:00Z,2017-03-07T11:45:00Z,2017-03-07T11:44:00Z,AAQ,SVO,733,100.0,130,112,86,1642000.00,101,1239400.00,11,402600.00
136140,PG0252,Anapa,Moscow,Europe/Moscow,37.4146,55.972599,Boeing 737-300,4200,2017-03-01T10:05:00Z,2017-03-01T10:06:00Z,2017-03-01T11:45:00Z,2017-03-01T11:45:00Z,AAQ,SVO,733,100.0,130,102,78,1495600.00,92,1129600.00,10,366000.00
136141,PG0252,Anapa,Moscow,Europe/Moscow,37.4146,55.972599,Boeing 737-300,4200,2016-12-12T10:05:00Z,2016-12-12T10:08:00Z,2016-12-12T11:45:00Z,2016-12-12T11:50:00Z,AAQ,SVO,733,100.0,130,109,83,1603000.00,98,1200400.00,11,402600.00
136143,PG0252,Anapa,Moscow,Europe/Moscow,37.4146,55.972599,Boeing 737-300,4200,2016-12-14T10:05:00Z,2016-12-14T10:06:00Z,2016-12-14T11:45:00Z,2016-12-14T11:46:00Z,AAQ,SVO,733,100.0,130,105,80,1554200.00,94,1151600.00,11,402600.00
136146,PG0252,Anapa,Moscow,Europe/Moscow,37.4146,55.972599,Boeing 737-300,4200,2017-02-09T10:05:00Z,2017-02-09T10:08:00Z,2017-02-09T11:45:00Z,2017-02-09T11:48:00Z,AAQ,SVO,733,100.0,130,109,83,1604200.00,98,1201600.00,11,402600.00
136147,PG0252,Anapa,Moscow,Europe/Moscow,37.4146,55.972599,Boeing 737-300,4200,2017-03-05T10:05:00Z,2017-03-05T10:08:00Z,2017-03-05T11:45:00Z,2017-03-05T11:48:00Z,AAQ,SVO,733,100.0,130,112,86,1642000.00,101,1239400.00,11,402600.00
136153,PG0252,Anapa,Moscow,Europe/Moscow,37.4146,55.972599,Boeing 737-300,4200,2017-03-22T10:05:00Z,2017-03-22T10:09:00Z,2017-03-22T11:45:00Z,2017-03-22T11:48:00Z,AAQ,SVO,733,100.0,130,108,83,1592000.00,97,1189400.00,11,402600.00
136154,PG0252,Anapa,Moscow,Europe/Moscow,37.4146,55.972599,Boeing 737-300,4200,2016-11-07T10:05:00Z,2016-11-07T10:08:00Z,2016-11-07T11:45:00Z,2016-11-07T11:48:00Z,AAQ,SVO,733,100.0,130,115,88,1654200.00,105,1288200.00,10,366000.00
136156,PG0252,Anapa,Moscow,Europe/Moscow,37.4146,55.972599,Boeing 737-300,4200,2017-03-25T10:05:00Z,2017-03-25T10:10:00Z,2017-03-25T11:45:00Z,2017-03-25T11:49:00Z,AAQ,SVO,733,100.0,130,122,93,1764000.00,111,1361400.00,11,402600.00
136159,PG0252,Anapa,Moscow,Europe/Moscow,37.4146,55.972599,Boeing 737-300,4200,2017-01-04T10:05:00Z,2017-01-04T10:07:00Z,2017-01-04T11:45:00Z,2017-01-04T11:45:00Z,AAQ,SVO,733,100.0,130,115,88,1700600.00,103,1261400.00,12,439200.00
136162,PG0252,Anapa,Moscow,Europe/Moscow,37.4146,55.972599,Boeing 737-300,4200,2016-11-10T10:05:00Z,2016-11-10T10:09:00Z,2016-11-10T11:45:00Z,2016-11-10T11:49:00Z,AAQ,SVO,733,100.0,130,116,89,1666400.00,106,1300400.00,10,366000.00
136164,PG0252,Anapa,Moscow,Europe/Moscow,37.4146,55.972599,Boeing 737-300,4200,2017-01-07T10:05:00Z,2017-01-07T10:07:00Z,2017-01-07T11:45:00Z,2017-01-07T11:46:00Z,AAQ,SVO,733,100.0,130,120,92,1738400.00,109,1335800.00,11,402600.00
136165,PG0252,Anapa,Moscow,Europe/Moscow,37.4146,55.972599,Boeing 737-300,4200,2017-02-22T10:05:00Z,2017-02-22T10:11:00Z,2017-02-22T11:45:00Z,2017-02-22T11:52:00Z,AAQ,SVO,733,100.0,130,110,84,1567600.00,101,1238200.00,9,329400.00
136168,PG0252,Anapa,Moscow,Europe/Moscow,37.4146,55.972599,Boeing 737-300,4200,2017-03-08T10:05:00Z,2017-03-08T10:07:00Z,2017-03-08T11:45:00Z,2017-03-08T11:47:00Z,AAQ,SVO,733,100.0,130,109,83,1629800.00,97,1190600.00,12,439200.00
136172,PG0252,Anapa,Moscow,Europe/Moscow,37.4146,55.972599,Boeing 737-300,4200,2017-01-15T10:05:00Z,2017-01-15T10:05:00Z,2017-01-15T11:45:00Z,2017-01-15T11:44:00Z,AAQ,SVO,733,100.0,130,110,84,1617600.00,99,1215000.00,11,402600.00
136177,PG0252,Anapa,Moscow,Europe/Moscow,37.4146,55.972599,Boeing 737-300,4200,2016-11-30T10:05:00Z,2016-11-30T10:08:00Z,2016-11-30T11:45:00Z,2016-11-30T11:48:00Z,AAQ,SVO,733,100.0,130,115,88,1703000.00,103,1263800.00,12,439200.00
136178,PG0252,Anapa,Moscow,Europe/Moscow,37.4146,55.972599,Boeing 737-300,4200,2017-01-29T10:05:00Z,2017-01-29T10:10:00Z,2017-01-29T11:45:00Z,2017-01-29T11:49:00Z,AAQ,SVO,733,100.0,130,99,76,1434600.00,90,1105200.00,9,329400.00
136181,PG0252,Anapa,Moscow,Europe/Moscow,37.4146,55.972599,Boeing 737-300,4200,2017-01-31T10:05:00Z,2017-01-31T10:05:00Z,2017-01-31T11:45:00Z,2017-01-31T11:44:00Z,AAQ,SVO,733,100.0,130,118,90,1689600.00,108,1323600.00,10,366000.00
136185,PG0252,Anapa,Moscow,Europe/Moscow,37.4146,55.972599,Boeing 737-300,4200,2017-01-14T10:05:00Z,2017-01-14T10:06:00Z,2017-01-14T11:45:00Z,2017-01-14T11:49:00Z,AAQ,SVO,733,100.0,130,104,80,1520000.00,94,1154000.00,10,366000.00
136187,PG0252,Anapa,Moscow,Europe/Moscow,37.4146,55.972599,Boeing 737-300,4200,2016-12-01T10:05:00Z,2016-12-01T10:09:00Z,2016-12-01T11:45:00Z,2016-12-01T11:49:00Z,AAQ,SVO,733,100.0,130,129,99,1873800.00,117,1434600.00,12,439200.00
136192,PG0252,Anapa,Moscow,Europe/Moscow,37.4146,55.972599,Boeing 737-300,4200,2017-03-26T10:05:00Z,2017-03-26T10:06:00Z,2017-03-26T11:45:00Z,2017-03-26T11:47:00Z,AAQ,SVO,733,100.0,130,116,89,1666400.00,106,1300400.00,10,366000.00
136195,PG0252,Anapa,Moscow,Europe/Moscow,37.4146,55.972599,Boeing 737-300,4200,2016-11-24T10:05:00Z,2016-11-24T10:07:00Z,2016-11-24T11:45:00Z,2016-11-24T11:48:00Z,AAQ,SVO,733,100.0,130,101,77,1456600.00,92,1127200.00,9,329400.00
136199,PG0252,Anapa,Moscow,Europe/Moscow,37.4146,55.972599,Boeing 737-300,4200,2016-11-08T10:05:00Z,2016-11-08T10:07:00Z,2016-11-08T11:45:00Z,2016-11-08T11:48:00Z,AAQ,SVO,733,100.0,130,106,81,1592000.00,94,1152800.00,12,439200.00
136202,PG0252,Anapa,Moscow,Europe/Moscow,37.4146,55.972599,Boeing 737-300,4200,2017-01-05T10:05:00Z,2017-01-05T10:07:00Z,2017-01-05T11:45:00Z,2017-01-05T11:49:00Z,AAQ,SVO,733,100.0,130,100,76,1495600.00,89,1093000.00,11,402600.00
136204,PG0252,Anapa,Moscow,Europe/Moscow,37.4146,55.972599,Boeing 737-300,4200,2017-02-23T10:05:00Z,2017-02-23T10:06:00Z,2017-02-23T11:45:00Z,2017-02-23T11:46:00Z,AAQ,SVO,733,100.0,130,107,82,1457800.00,101,1238200.00,6,219600.00
136206,PG0252,Anapa,Moscow,Europe/Moscow,37.4146,55.972599,Boeing 737-300,4200,2016-11-09T10:05:00Z,2016-11-09T13:30:00Z,2016-11-09T11:45:00Z,2016-11-09T15:10:00Z,AAQ,SVO,733,100.0,130,117,90,1701800.00,106,1299200.00,11,402600.00
136207,PG0252,Anapa,Moscow,Europe/Moscow,37.4146,55.972599,Boeing 737-300,4200,2016-12-27T10:05:00Z,2016-12-27T10:07:00Z,2016-12-27T11:45:00Z,2016-12-27T11:48:00Z,AAQ,SVO,733,100.0,130,110,84,1567600.00,101,1238200.00,9,329400.00
136209,PG0252,Anapa,Moscow,Europe/Moscow,37.4146,55.972599,Boeing 737-300,4200,2017-01-06T10:05:00Z,2017-01-06T10:09:00Z,2017-01-06T11:45:00Z,2017-01-06T11:49:00Z,AAQ,SVO,733,100.0,130,112,86,1615200.00,102,1249200.00,10,366000.00
136210,PG0252,Anapa,Moscow,Europe/Moscow,37.4146,55.972599,Boeing 737-300,4200,2016-12-21T10:05:00Z,2016-12-21T10:08:00Z,2016-12-21T11:45:00Z,2016-12-21T11:48:00Z,AAQ,SVO,733,100.0,130,118,90,1711600.00,107,1309000.00,11,402600.00
136215,PG0252,Anapa,Moscow,Europe/Moscow,37.4146,55.972599,Boeing 737-300,4200,2017-02-28T10:05:00Z,2017-02-28T10:09:00Z,2017-02-28T11:45:00Z,2017-02-28T11:49:00Z,AAQ,SVO,733,100.0,130,114,87,1664000.00,103,1261400.00,11,402600.00
136223,PG0252,Anapa,Moscow,Europe/Moscow,37.4146,55.972599,Boeing 737-300,4200,2016-12-13T10:05:00Z,2016-12-13T10:06:00Z,2016-12-13T11:45:00Z,2016-12-13T11:47:00Z,AAQ,SVO,733,100.0,130,121,93,1751800.00,110,1349200.00,11,402600.00
136224,PG0252,Anapa,Moscow,Europe/Moscow,37.4146,55.972599,Boeing 737-300,4200,2017-03-15T10:05:00Z,2017-03-15T10:07:00Z,2017-03-15T11:45:00Z,2017-03-15T11:48:00Z,AAQ,SVO,733,100.0,130,126,96,1837200.00,114,1398000.00,12,439200.00
136226,PG0252,Anapa,Moscow,Europe/Moscow,37.4146,55.972599,Boeing 737-300,4200,2017-01-30T10:05:00Z,2017-01-30T10:08:00Z,2017-01-30T11:45:00Z,2017-01-30T11:48:00Z,AAQ,SVO,733,100.0,130,130,100,1886000.00,118,1446800.00,12,439200.00
136227,PG0252,Anapa,Moscow,Europe/Moscow,37.4146,55.972599,Boeing 737-300,4200,2016-11-23T10:05:00Z,2016-11-23T10:12:00Z,2016-11-23T11:45:00Z,2016-11-23T11:53:00Z,AAQ,SVO,733,100.0,130,118,90,1737200.00,106,1298000.00,12,439200.00
136236,PG0252,Anapa,Moscow,Europe/Moscow,37.4146,55.972599,Boeing 737-300,4200,2016-11-22T10:05:00Z,2016-11-22T10:10:00Z,2016-11-22T11:45:00Z,2016-11-22T11:51:00Z,AAQ,SVO,733,100.0,130,111,85,1556600.00,103,1263800.00,8,292800.00
136239,PG0252,Anapa,Moscow,Europe/Moscow,37.4146,55.972599,Boeing 737-300,4200,2016-11-17T10:05:00Z,2016-11-17T10:07:00Z,2016-11-17T11:45:00Z,2016-11-17T11:47:00Z,AAQ,SVO,733,100.0,130,124,95,1788400.00,113,1385800.00,11,402600.00
136241,PG0252,Anapa,Moscow,Europe/Moscow,37.4146,55.972599,Boeing 737-300,4200,2017-03-10T10:05:00Z,2017-03-10T10:09:00Z,2017-03-10T11:45:00Z,2017-03-10T11:50:00Z,AAQ,SVO,733,100.0,130,114,87,1640800.00,104,1274800.00,10,366000.00
136243,PG0252,Anapa,Moscow,Europe/Moscow,37.4146,55.972599,Boeing 737-300,4200,2017-03-11T10:05:00Z,2017-03-11T10:10:00Z,2017-03-11T11:45:00Z,2017-03-11T11:50:00Z,AAQ,SVO,733,100.0,130,121,93,1726200.00,111,1360200.00,10,366000.00
136244,PG0252,Anapa,Moscow,Europe/Moscow,37.4146,55.972599,Boeing 737-300,4200,2016-12-22T10:05:00Z,2016-12-22T10:08:00Z,2016-12-22T11:45:00Z,2016-12-22T11:47:00Z,AAQ,SVO,733,100.0,130,117,90,1703000.00,106,1300400.00,11,402600.00
136249,PG0252,Anapa,Moscow,Europe/Moscow,37.4146,55.972599,Boeing 737-300,4200,2017-02-14T10:05:00Z,2017-02-14T10:08:00Z,2017-02-14T11:45:00Z,2017-02-14T11:46:00Z,AAQ,SVO,733,100.0,130,123,94,1800600.00,111,1361400.00,12,439200.00
136250,PG0252,Anapa,Moscow,Europe/Moscow,37.4146,55.972599,Boeing 737-300,4200,2017-02-08T10:05:00Z,2017-02-08T10:06:00Z,2017-02-08T11:45:00Z,2017-02-08T11:47:00Z,AAQ,SVO,733,100.0,130,99,76,1407800.00,91,1115000.00,8,292800.00
136252,PG0252,Anapa,Moscow,Europe/Moscow,37.4146,55.972599,Boeing 737-300,4200,2016-12-20T10:05:00Z,2016-12-20T10:05:00Z,2016-12-20T11:45:00Z,2016-12-20T11:46:00Z,AAQ,SVO,733,100.0,130,102,78,1517600.00,91,1115000.00,11,402600.00
136253,PG0252,Anapa,Moscow,Europe/Moscow,37.4146,55.972599,Boeing 737-300,4200,2016-12-24T10:05:00Z,2016-12-24T10:08:00Z,2016-12-24T11:45:00Z,2016-12-24T11:46:00Z,AAQ,SVO,733,100.0,130,93,71,1407800.00,82,1005200.00,11,402600.00
136257,PG0252,Anapa,Moscow,Europe/Moscow,37.4146,55.972599,Boeing 737-300,4200,2016-12-18T10:05:00Z,2016-12-18T10:09:00Z,2016-12-18T11:45:00Z,2016-12-18T11:49:00Z,AAQ,SVO,733,100.0,130,111,85,1628600.00,100,1226000.00,11,402600.00
136258,PG0252,Anapa,Moscow,Europe/Moscow,37.4146,55.972599,Boeing 737-300,4200,2016-11-26T10:05:00Z,2016-11-26T10:05:00Z,2016-11-26T11:45:00Z,2016-11-26T11:45:00Z,AAQ,SVO,733,100.0,130,101,77,1456600.00,92,1127200.00,9,329400.00
136262,PG0252,Anapa,Moscow,Europe/Moscow,37.4146,55.972599,Boeing 737-300,4200,2016-12-28T10:05:00Z,2016-12-28T10:10:00Z,2016-12-28T11:45:00Z,2016-12-28T11:49:00Z,AAQ,SVO,733,100.0,130,128,98,1861600.00,116,1422400.00,12,439200.00
136264,PG0252,Anapa,Moscow,Europe/Moscow,37.4146,55.972599,Boeing 737-300,4200,2017-02-18T10:05:00Z,2017-02-18T10:07:00Z,2017-02-18T11:45:00Z,2017-02-18T11:47:00Z,AAQ,SVO,733,100.0,130,116,89,1690800.00,105,1288200.00,11,402600.00
136266,PG0252,Anapa,Moscow,Europe/Moscow,37.4146,55.972599,Boeing 737-300,4200,2017-02-27T10:05:00Z,2017-02-27T10:08:00Z,2017-02-27T11:45:00Z,2017-02-27T11:48:00Z,AAQ,SVO,733,100.0,130,108,83,1566400.00,98,1200400.00,10,366000.00
136268,PG0252,Anapa,Moscow,Europe/Moscow,37.4146,55.972599,Boeing 737-300,4200,2017-02-16T10:05:00Z,2017-02-16T10:08:00Z,2017-02-16T11:45:00Z,2017-02-16T11:49:00Z,AAQ,SVO,733,100.0,130,115,88,1676200.00,104,1273600.00,11,402600.00
136269,PG0252,Anapa,Moscow,Europe/Moscow,37.4146,55.972599,Boeing 737-300,4200,2017-02-11T10:05:00Z,2017-02-11T10:13:00Z,2017-02-11T11:45:00Z,2017-02-11T11:53:00Z,AAQ,SVO,733,100.0,130,109,83,1605400.00,98,1202800.00,11,402600.00
136270,PG0252,Anapa,Moscow,Europe/Moscow,37.4146,55.972599,Boeing 737-300,4200,2017-02-12T10:05:00Z,2017-02-12T10:12:00Z,2017-02-12T11:45:00Z,2017-02-12T11:51:00Z,AAQ,SVO,733,100.0,130,111,85,1628600.00,100,1226000.00,11,402600.00
136271,PG0252,Anapa,Moscow,Europe/Moscow,37.4146,55.972599,Boeing 737-300,4200,2016-11-01T10:05:00Z,2016-11-01T10:07:00Z,2016-11-01T11:45:00Z,2016-11-01T11:46:00Z,AAQ,SVO,733,100.0,130,118,90,1666400.00,109,1337000.00,9,329400.00
136272,PG0252,Anapa,Moscow,Europe/Moscow,37.4146,55.972599,Boeing 737-300,4200,2016-11-19T10:05:00Z,2016-11-19T10:06:00Z,2016-11-19T11:45:00Z,2016-11-19T11:46:00Z,AAQ,SVO,733,100.0,130,130,100,1886000.00,118,1446800.00,12,439200.00
136273,PG0252,Anapa,Moscow,Europe/Moscow,37.4146,55.972599,Boeing 737-300,4200,2016-12-09T10:05:00Z,2016-12-09T10:06:00Z,2016-12-09T11:45:00Z,2016-12-09T11:45:00Z,AAQ,SVO,733,100.0,130,129,99,1873800.00,117,1434600.00,12,439200.00
136275,PG0252,Anapa,Moscow,Europe/Moscow,37.4146,55.972599,Boeing 737-300,4200,2017-01-13T10:05:00Z,2017-01-13T10:08:00Z,2017-01-13T11:45:00Z,2017-01-13T11:46:00Z,AAQ,SVO,733,100.0,130,125,96,1825000.00,113,1385800.00,12,439200.00
136276,PG0252,Anapa,Moscow,Europe/Moscow,37.4146,55.972599,Boeing 737-300,4200,2016-11-16T10:05:00Z,2016-11-16T10:13:00Z,2016-11-16T11:45:00Z,2016-11-16T11:54:00Z,AAQ,SVO,733,100.0,130,112,86,1665200.00,100,1226000.00,12,439200.00
136282,PG0252,Anapa,Moscow,Europe/Moscow,37.4146,55.972599,Boeing 737-300,4200,2017-01-16T10:05:00Z,2017-01-16T10:07:00Z,2017-01-16T11:45:00Z,2017-01-16T11:48:00Z,AAQ,SVO,733,100.0,130,106,81,1518800.00,97,1189400.00,9,329400.00
136284,PG0252,Anapa,Moscow,Europe/Moscow,37.4146,55.972599,Boeing 737-300,4200,2017-02-07T10:05:00Z,2017-02-07T10:07:00Z,2017-02-07T11:45:00Z,2017-02-07T11:48:00Z,AAQ,SVO,733,100.0,130,117,90,1677400.00,107,1311400.00,10,366000.00
136293,PG0252,Anapa,Moscow,Europe/Moscow,37.4146,55.972599,Boeing 737-300,4200,2017-01-23T10:05:00Z,2017-01-23T10:09:00Z,2017-01-23T11:45:00Z,2017-01-23T11:48:00Z,AAQ,SVO,733,100.0,130,114,87,1689600.00,102,1250400.00,12,439200.00
136296,PG0252,Anapa,Moscow,Europe/Moscow,37.4146,55.972599,Boeing 737-300,4200,2016-12-29T10:05:00Z,2016-12-29T10:07:00Z,2016-12-29T11:45:00Z,2016-12-29T11:46:00Z,AAQ,SVO,733,100.0,130,117,90,1678600.00,107,1312600.00,10,366000.00
136303,PG0252,Anapa,Moscow,Europe/Moscow,37.4146,55.972599,Boeing 737-300,4200,2016-11-02T10:05:00Z,2016-11-02T10:07:00Z,2016-11-02T11:45:00Z,2016-11-02T11:47:00Z,AAQ,SVO,733,100.0,130,117,90,1727400.00,105,1288200.00,12,439200.00
136305,PG0252,Anapa,Moscow,Europe/Moscow,37.4146,55.972599,Boeing 737-300,4200,2017-03-18T10:05:00Z,2017-03-18T10:13:00Z,2017-03-18T11:45:00Z,2017-03-18T11:53:00Z,AAQ,SVO,733,100.0,130,116,89,1690800.00,105,1288200.00,11,402600.00
136306,PG0252,Anapa,Moscow,Europe/Moscow,37.4146,55.972599,Boeing 737-300,4200,2016-12-04T10:05:00Z,2016-12-04T10:10:00Z,2016-12-04T11:45:00Z,2016-12-04T11:50:00Z,AAQ,SVO,733,100.0,130,102,78,1443200.00,94,1150400.00,8,292800.00
136307,PG0252,Anapa,Moscow,Europe/Moscow,37.4146,55.972599,Boeing 737-300,4200,2017-03-03T10:05:00Z,2017-03-03T10:07:00Z,2017-03-03T11:45:00Z,2017-03-03T11:47:00Z,AAQ,SVO,733,100.0,130,125,96,1776200.00,115,1410200.00,10,366000.00
136309,PG0252,Anapa,Moscow,Europe/Moscow,37.4146,55.972599,Boeing 737-300,4200,2016-11-15T10:05:00Z,2016-11-15T13:22:00Z,2016-11-15T11:45:00Z,2016-11-15T15:03:00Z,AAQ,SVO,733,100.0,130,104,80,1567600.00,92,1128400.00,12,439200.00
136310,PG0252,Anapa,Moscow,Europe/Moscow,37.4146,55.972599,Boeing 737-300,4200,2017-01-22T10:05:00Z,2017-01-22T10:07:00Z,2017-01-22T11:45:00Z,2017-01-22T11:47:00Z,AAQ,SVO,733,100.0,130,117,90,1654200.00,108,1324800.00,9,329400.00
136316,PG0252,Anapa,Moscow,Europe/Moscow,37.4146,55.972599,Boeing 737-300,4200,2017-01-12T10:05:00Z,2017-01-12T10:07:00Z,2017-01-12T11:45:00Z,2017-01-12T11:47:00Z,AAQ,SVO,733,100.0,130,130,100,1886000.00,118,1446800.00,12,439200.00
136318,PG0252,Anapa,Moscow,Europe/Moscow,37.4146,55.972599,Boeing 737-300,4200,2016-12-17T10:05:00Z,2016-12-17T10:07:00Z,2016-12-17T11:45:00Z,2016-12-17T11:49:00Z,AAQ,SVO,733,100.0,130,104,80,1544400.00,93,1141800.00,11,402600.00
136319,PG0252,Anapa,Moscow,Europe/Moscow,37.4146,55.972599,Boeing 737-300,4200,2017-03-12T10:05:00Z,2017-03-12T10:08:00Z,2017-03-12T11:45:00Z,2017-03-12T11:46:00Z,AAQ,SVO,733,100.0,130,129,99,1873800.00,117,1434600.00,12,439200.00
136320,PG0252,Anapa,Moscow,Europe/Moscow,37.4146,55.972599,Boeing 737-300,4200,2017-02-19T10:05:00Z,2017-02-19T10:05:00Z,2017-02-19T11:45:00Z,2017-02-19T11:45:00Z,AAQ,SVO,733,100.0,130,106,81,1544400.00,96,1178400.00,10,366000.00
136322,PG0252,Anapa,Moscow,Europe/Moscow,37.4146,55.972599,Boeing 737-300,4200,2017-02-06T10:05:00Z,2017-02-06T10:11:00Z,2017-02-06T11:45:00Z,2017-02-06T11:52:00Z,AAQ,SVO,733,100.0,130,108,83,1567600.00,98,1201600.00,10,366000.00
136324,PG0252,Anapa,Moscow,Europe/Moscow,37.4146,55.972599,Boeing 737-300,4200,2016-12-05T10:05:00Z,2016-12-05T10:09:00Z,2016-12-05T11:45:00Z,2016-12-05T11:50:00Z,AAQ,SVO,733,100.0,130,118,90,1666400.00,109,1337000.00,9,329400.00
136325,PG0252,Anapa,Moscow,Europe/Moscow,37.4146,55.972599,Boeing 737-300,4200,2016-11-27T10:05:00Z,2016-11-27T10:08:00Z,2016-11-27T11:45:00Z,2016-11-27T11:47:00Z,AAQ,SVO,733,100.0,130,115,88,1654200.00,105,1288200.00,10,366000.00
136327,PG0252,Anapa,Moscow,Europe/Moscow,37.4146,55.972599,Boeing 737-300,4200,2016-12-30T10:05:00Z,2016-12-30T10:12:00Z,2016-12-30T11:45:00Z,2016-12-30T11:52:00Z,AAQ,SVO,733,100.0,130,108,83,1543200.00,99,1213800.00,9,329400.00
136338,PG0252,Anapa,Moscow,Europe/Moscow,37.4146,55.972599,Boeing 737-300,4200,2016-12-19T10:05:00Z,2016-12-19T10:06:00Z,2016-12-19T11:45:00Z,2016-12-19T11:46:00Z,AAQ,SVO,733,100.0,130,128,98,1861600.00,116,1422400.00,12,439200.00
136343,PG0252,Anapa,Moscow,Europe/Moscow,37.4146,55.972599,Boeing 737-300,4200,2016-11-25T10:05:00Z,2016-11-25T10:08:00Z,2016-11-25T11:45:00Z,2016-11-25T11:48:00Z,AAQ,SVO,733,100.0,130,128,98,1861600.00,116,1422400.00,12,439200.00
136345,PG0252,Anapa,Moscow,Europe/Moscow,37.4146,55.972599,Boeing 737-300,4200,2017-01-24T10:05:00Z,2017-01-24T13:32:00Z,2017-01-24T11:45:00Z,2017-01-24T15:12:00Z,AAQ,SVO,733,100.0,130,108,83,1517600.00,100,1224800.00,8,292800.00
136347,PG0252,Anapa,Moscow,Europe/Moscow,37.4146,55.972599,Boeing 737-300,4200,2017-03-23T10:05:00Z,2017-03-23T10:07:00Z,2017-03-23T11:45:00Z,2017-03-23T11:47:00Z,AAQ,SVO,733,100.0,130,122,93,1739600.00,112,1373600.00,10,366000.00
136348,PG0252,Anapa,Moscow,Europe/Moscow,37.4146,55.972599,Boeing 737-300,4200,2017-02-10T10:05:00Z,2017-02-10T10:05:00Z,2017-02-10T11:45:00Z,2017-02-10T11:45:00Z,AAQ,SVO,733,100.0,130,120,92,1762800.00,108,1323600.00,12,439200.00
136349,PG0252,Anapa,Moscow,Europe/Moscow,37.4146,55.972599,Boeing 737-300,4200,2016-11-03T10:05:00Z,2016-11-03T10:10:00Z,2016-11-03T11:45:00Z,2016-11-03T11:48:00Z,AAQ,SVO,733,100.0,130,113,86,1629800.00,103,1263800.00,10,366000.00
136351,PG0252,Anapa,Moscow,Europe/Moscow,37.4146,55.972599,Boeing 737-300,4200,2017-02-26T10:05:00Z,2017-02-26T10:13:00Z,2017-02-26T11:45:00Z,2017-02-26T11:53:00Z,AAQ,SVO,733,100.0,130,105,80,1555400.00,94,1152800.00,11,402600.00
136352,PG0252,Anapa,Moscow,Europe/Moscow,37.4146,55.972599,Boeing 737-300,4200,2016-12-10T10:05:00Z,2016-12-10T10:10:00Z,2016-12-10T11:45:00Z,2016-12-10T11:50:00Z,AAQ,SVO,733,100.0,130,92,70,1372400.00,82,1006400.00,10,366000.00
136360,PG0252,Anapa,Moscow,Europe/Moscow,37.4146,55.972599,Boeing 737-300,4200,2017-02-05T10:05:00Z,2017-02-05T10:08:00Z,2017-02-05T11:45:00Z,2017-02-05T11:48:00Z,AAQ,SVO,733,100.0,130,97,74,1455400.00,86,1052800.00,11,402600.00
136361,PG0252,Anapa,Moscow,Europe/Moscow,37.4146,55.972599,Boeing 737-300,4200,2016-11-14T10:05:00Z,2016-11-14T10:12:00Z,2016-11-14T11:45:00Z,2016-11-14T11:53:00Z,AAQ,SVO,733,100.0,130,121,93,1726200.00,111,1360200.00,10,366000.00
136366,PG0252,Anapa,Moscow,Europe/Moscow,37.4146,55.972599,Boeing 737-300,4200,2017-01-11T10:05:00Z,2017-01-11T10:08:00Z,2017-01-11T11:45:00Z,2017-01-11T11:47:00Z,AAQ,SVO,733,100.0,130,103,79,1527400.00,92,1124800.00,11,402600.00
136368,PG0252,Anapa,Moscow,Europe/Moscow,37.4146,55.972599,Boeing 737-300,4200,2016-12-31T10:05:00Z,2016-12-31T10:07:00Z,2016-12-31T11:45:00Z,2016-12-31T11:47:00Z,AAQ,SVO,733,100.0,130,130,100,1886000.00,118,1446800.00,12,439200.00
136370,PG0252,Anapa,Moscow,Europe/Moscow,37.4146,55.972599,Boeing 737-300,4200,2016-10-25T10:05:00Z,2016-10-25T10:08:00Z,2016-10-25T11:45:00Z,2016-10-25T11:48:00Z,AAQ,SVO,733,100.0,130,110,84,1592000.00,100,1226000.00,10,366000.00
136372,PG0252,Anapa,Moscow,Europe/Moscow,37.4146,55.972599,Boeing 737-300,4200,2017-03-06T10:05:00Z,2017-03-06T10:08:00Z,2017-03-06T11:45:00Z,2017-03-06T11:47:00Z,AAQ,SVO,733,100.0,130,102,78,1495600.00,92,1129600.00,10,366000.00
136380,PG0252,Anapa,Moscow,Europe/Moscow,37.4146,55.972599,Boeing 737-300,4200,2016-10-28T10:05:00Z,2016-10-28T10:11:00Z,2016-10-28T11:45:00Z,2016-10-28T11:50:00Z,AAQ,SVO,733,100.0,130,106,81,1543200.00,96,1177200.00,10,366000.00
136383,PG0252,Anapa,Moscow,Europe/Moscow,37.4146,55.972599,Boeing 737-300,4200,2017-01-25T10:05:00Z,2017-01-25T10:09:00Z,2017-01-25T11:45:00Z,2017-01-25T11:51:00Z,AAQ,SVO,733,100.0,130,106,81,1493200.00,98,1200400.00,8,292800.00
136385,PG0252,Anapa,Moscow,Europe/Moscow,37.4146,55.972599,Boeing 737-300,4200,2016-12-16T10:05:00Z,2016-12-16T10:10:00Z,2016-12-16T11:45:00Z,2016-12-16T11:50:00Z,AAQ,SVO,733,100.0,130,128,98,1861600.00,116,1422400.00,12,439200.00
136387,PG0252,Anapa,Moscow,Europe/Moscow,37.4146,55.972599,Boeing 737-300,4200,2017-01-19T10:05:00Z,2017-01-19T10:08:00Z,2017-01-19T11:45:00Z,2017-01-19T11:47:00Z,AAQ,SVO,733,100.0,130,121,93,1775000.00,109,1335800.00,12,439200.00
136389,PG0252,Anapa,Moscow,Europe/Moscow,37.4146,55.972599,Boeing 737-300,4200,2017-01-18T10:05:00Z,2017-01-18T10:10:00Z,2017-01-18T11:45:00Z,2017-01-18T11:50:00Z,AAQ,SVO,733,100.0,130,129,99,1873800.00,117,1434600.00,12,439200.00
136390,PG0252,Anapa,Moscow,Europe/Moscow,37.4146,55.972599,Boeing 737-300,4200,2016-12-26T10:05:00Z,2016-12-26T10:06:00Z,2016-12-26T11:45:00Z,2016-12-26T11:47:00Z,AAQ,SVO,733,100.0,130,125,96,1823800.00,113,1384600.00,12,439200.00
136391,PG0252,Anapa,Moscow,Europe/Moscow,37.4146,55.972599,Boeing 737-300,4200,2016-12-03T10:05:00Z,2016-12-03T10:08:00Z,2016-12-03T11:45:00Z,2016-12-03T11:48:00Z,AAQ,SVO,733,100.0,130,107,82,1556600.00,97,1190600.00,10,366000.00
136394,PG0252,Anapa,Moscow,Europe/Moscow,37.4146,55.972599,Boeing 737-300,4200,2016-11-20T10:05:00Z,2016-11-20T10:11:00Z,2016-11-20T11:45:00Z,2016-11-20T11:49:00Z,AAQ,SVO,733,100.0,130,106,81,1568800.00,95,1166200.00,11,402600.00
136396,PG0252,Anapa,Moscow,Europe/Moscow,37.4146,55.972599,Boeing 737-300,4200,2016-11-04T10:05:00Z,2016-11-04T10:08:00Z,2016-11-04T11:45:00Z,2016-11-04T11:49:00Z,AAQ,SVO,733,100.0,130,109,83,1579800.00,99,1213800.00,10,366000.00
136397,PG0252,Anapa,Moscow,Europe/Moscow,37.4146,55.972599,Boeing 737-300,4200,2016-12-25T10:05:00Z,2016-12-25T10:06:00Z,2016-12-25T11:45:00Z,2016-12-25T11:47:00Z,AAQ,SVO,733,100.0,130,104,80,1444400.00,97,1188200.00,7,256200.00
136398,PG0252,Anapa,Moscow,Europe/Moscow,37.4146,55.972599,Boeing 737-300,4200,2016-11-28T10:05:00Z,2016-11-28T10:09:00Z,2016-11-28T11:45:00Z,2016-11-28T11:47:00Z,AAQ,SVO,733,100.0,130,102,78,1470000.00,93,1140600.00,9,329400.00
136403,PG0252,Anapa,Moscow,Europe/Moscow,37.4146,55.972599,Boeing 737-300,4200,2017-02-20T10:05:00Z,2017-02-20T10:06:00Z,2017-02-20T11:45:00Z,2017-02-20T11:46:00Z,AAQ,SVO,733,100.0,130,129,99,1873800.00,117,1434600.00,12,439200.00
136406,PG0252,Anapa,Moscow,Europe/Moscow,37.4146,55.972599,Boeing 737-300,4200,2017-03-17T10:05:00Z,2017-03-17T10:08:00Z,2017-03-17T11:45:00Z,2017-03-17T11:48:00Z,AAQ,SVO,733,100.0,130,107,82,1555400.00,97,1189400.00,10,366000.00
136411,PG0252,Anapa,Moscow,Europe/Moscow,37.4146,55.972599,Boeing 737-300,4200,2017-02-04T10:05:00Z,2017-02-04T10:06:00Z,2017-02-04T11:45:00Z,2017-02-04T11:46:00Z,AAQ,SVO,733,100.0,130,110,84,1590800.00,100,1224800.00,10,366000.00
136412,PG0252,Anapa,Moscow,Europe/Moscow,37.4146,55.972599,Boeing 737-300,4200,2016-11-13T10:05:00Z,2016-11-13T10:08:00Z,2016-11-13T11:45:00Z,2016-11-13T11:48:00Z,AAQ,SVO,733,100.0,130,106,81,1493200.00,98,1200400.00,8,292800.00
136417,PG0252,Anapa,Moscow,Europe/Moscow,37.4146,55.972599,Boeing 737-300,4200,2016-10-29T10:05:00Z,2016-10-29T10:10:00Z,2016-10-29T11:45:00Z,2016-10-29T11:51:00Z,AAQ,SVO,733,100.0,130,117,90,1726200.00,105,1287000.00,12,439200.00
136418,PG0252,Anapa,Moscow,Europe/Moscow,37.4146,55.972599,Boeing 737-300,4200,2016-12-07T10:05:00Z,2016-12-07T10:07:00Z,2016-12-07T11:45:00Z,2016-12-07T11:47:00Z,AAQ,SVO,733,100.0,130,97,74,1407800.00,88,1078400.00,9,329400.00
136420,PG0252,Anapa,Moscow,Europe/Moscow,37.4146,55.972599,Boeing 737-300,4200,2017-01-01T10:05:00Z,2017-01-01T10:09:00Z,2017-01-01T11:45:00Z,2017-01-01T11:47:00Z,AAQ,SVO,733,100.0,130,104,80,1542000.00,93,1139400.00,11,402600.00
136423,PG0252,Anapa,Moscow,Europe/Moscow,37.4146,55.972599,Boeing 737-300,4200,2017-01-10T10:05:00Z,2017-01-10T10:12:00Z,2017-01-10T11:45:00Z,2017-01-10T11:52:00Z,AAQ,SVO,733,100.0,130,129,99,1849400.00,118,1446800.00,11,402600.00
136424,PG0252,Anapa,Moscow,Europe/Moscow,37.4146,55.972599,Boeing 737-300,4200,2017-03-13T10:05:00Z,2017-03-13T10:10:00Z,2017-03-13T11:45:00Z,2017-03-13T11:52:00Z,AAQ,SVO,733,100.0,130,119,91,1727400.00,108,1324800.00,11,402600.00
136425,PG0252,Anapa,Moscow,Europe/Moscow,37.4146,55.972599,Boeing 737-300,4200,2016-10-30T10:05:00Z,2016-10-30T13:24:00Z,2016-10-30T11:45:00Z,2016-10-30T15:03:00Z,AAQ,SVO,733,100.0,130,112,86,1617600.00,102,1251600.00,10,366000.00
136427,PG0252,Anapa,Moscow,Europe/Moscow,37.4146,55.972599,Boeing 737-300,4200,2017-03-02T10:05:00Z,2017-03-02T10:07:00Z,2017-03-02T11:45:00Z,2017-03-02T11:46:00Z,AAQ,SVO,733,100.0,130,130,100,1886000.00,118,1446800.00,12,439200.00
136428,PG0252,Anapa,Moscow,Europe/Moscow,37.4146,55.972599,Boeing 737-300,4200,2017-01-21T10:05:00Z,2017-01-21T10:08:00Z,2017-01-21T11:45:00Z,2017-01-21T11:47:00Z,AAQ,SVO,733,100.0,130,115,88,1678600.00,104,1276000.00,11,402600.00
136432,PG0252,Anapa,Moscow,Europe/Moscow,37.4146,55.972599,Boeing 737-300,4200,2017-03-09T10:05:00Z,2017-03-09T10:08:00Z,2017-03-09T11:45:00Z,2017-03-09T11:48:00Z,AAQ,SVO,733,100.0,130,123,94,1798200.00,111,1359000.00,12,439200.00
136434,PG0252,Anapa,Moscow,Europe/Moscow,37.4146,55.972599,Boeing 737-300,4200,2016-11-21T10:05:00Z,2016-11-21T10:07:00Z,2016-11-21T11:45:00Z,2016-11-21T11:46:00Z,AAQ,SVO,733,100.0,130,106,81,1544400.00,96,1178400.00,10,366000.00
136436,PG0252,Anapa,Moscow,Europe/Moscow,37.4146,55.972599,Boeing 737-300,4200,2017-01-26T10:05:00Z,2017-01-26T10:08:00Z,2017-01-26T11:45:00Z,2017-01-26T11:47:00Z,AAQ,SVO,733,100.0,130,124,95,1811600.00,112,1372400.00,12,439200.00
136439,PG0252,Anapa,Moscow,Europe/Moscow,37.4146,55.972599,Boeing 737-300,4200,2017-02-25T10:05:00Z,2017-02-25T10:08:00Z,2017-02-25T11:45:00Z,2017-02-25T11:48:00Z,AAQ,SVO,733,100.0,130,117,90,1701800.00,106,1299200.00,11,402600.00
136441,PG0252,Anapa,Moscow,Europe/Moscow,37.4146,55.972599,Boeing 737-300,4200,2017-02-03T10:05:00Z,2017-02-03T10:07:00Z,2017-02-03T11:45:00Z,2017-02-03T11:47:00Z,AAQ,SVO,733,100.0,130,128,98,1837200.00,117,1434600.00,11,402600.00
136445,PG0252,Anapa,Moscow,Europe/Moscow,37.4146,55.972599,Boeing 737-300,4200,2017-03-24T10:05:00Z,2017-03-24T10:06:00Z,2017-03-24T11:45:00Z,2017-03-24T11:46:00Z,AAQ,SVO,733,100.0,130,95,73,1384600.00,86,1055200.00,9,329400.00
136447,PG0252,Anapa,Moscow,Europe/Moscow,37.4146,55.972599,Boeing 737-300,4200,2016-12-11T10:05:00Z,2016-12-11T10:07:00Z,2016-12-11T11:45:00Z,2016-12-11T11:47:00Z,AAQ,SVO,733,100.0,130,116,89,1642000.00,107,1312600.00,9,329400.00
136449,PG0252,Anapa,Moscow,Europe/Moscow,37.4146,55.972599,Boeing 737-300,4200,2016-11-05T10:05:00Z,2016-11-05T10:06:00Z,2016-11-05T11:45:00Z,2016-11-05T11:46:00Z,AAQ,SVO,733,100.0,130,114,87,1640800.00,104,1274800.00,10,366000.00
136450,PG0252,Anapa,Moscow,Europe/Moscow,37.4146,55.972599,Boeing 737-300,4200,2016-12-06T10:05:00Z,2016-12-06T10:06:00Z,2016-12-06T11:45:00Z,2016-12-06T11:48:00Z,AAQ,SVO,733,100.0,130,107,82,1554200.00,97,1188200.00,10,366000.00
136452,PG0252,Anapa,Moscow,Europe/Moscow,37.4146,55.972599,Boeing 737-300,4200,2017-02-17T10:05:00Z,2017-02-17T10:08:00Z,2017-02-17T11:45:00Z,2017-02-17T11:48:00Z,AAQ,SVO,733,100.0,130,109,83,1603000.00,98,1200400.00,11,402600.00
136455,PG0252,Anapa,Moscow,Europe/Moscow,37.4146,55.972599,Boeing 737-300,4200,2017-03-21T10:05:00Z,2017-03-21T10:07:00Z,2017-03-21T11:45:00Z,2017-03-21T11:46:00Z,AAQ,SVO,733,100.0,130,110,84,1568800.00,101,1239400.00,9,329400.00
136457,PG0252,Anapa,Moscow,Europe/Moscow,37.4146,55.972599,Boeing 737-300,4200,2016-11-12T10:05:00Z,2016-11-12T10:09:00Z,2016-11-12T11:45:00Z,2016-11-12T11:49:00Z,AAQ,SVO,733,100.0,130,121,93,1751800.00,110,1349200.00,11,402600.00
136458,PG0252,Anapa,Moscow,Europe/Moscow,37.4146,55.972599,Boeing 737-300,4200,2017-01-02T10:05:00Z,2017-01-02T10:07:00Z,2017-01-02T11:45:00Z,2017-01-02T11:46:00Z,AAQ,SVO,733,100.0,130,110,84,1568800.00,101,1239400.00,9,329400.00
136459,PG0252,Anapa,Moscow,Europe/Moscow,37.4146,55.972599,Boeing 737-300,4200,2016-11-18T10:05:00Z,2016-11-18T10:07:00Z,2016-11-18T11:45:00Z,2016-11-18T11:47:00Z,AAQ,SVO,733,100.0,130,104,80,1493200.00,95,1163800.00,9,329400.00
136463,PG0252,Anapa,Moscow,Europe/Moscow,37.4146,55.972599,Boeing 737-300,4200,2017-01-20T10:05:00Z,2017-01-20T10:06:00Z,2017-01-20T11:45:00Z,2017-01-20T11:45:00Z,AAQ,SVO,733,100.0,130,122,93,1788400.00,110,1349200.00,12,439200.00
136464,PG0252,Anapa,Moscow,Europe/Moscow,37.4146,55.972599,Boeing 737-300,4200,2017-01-09T10:05:00Z,2017-01-09T10:07:00Z,2017-01-09T11:45:00Z,2017-01-09T11:47:00Z,AAQ,SVO,733,100.0,130,100,76,1398000.00,93,1141800.00,7,256200.00
136465,PG0252,Anapa,Moscow,Europe/Moscow,37.4146,55.972599,Boeing 737-300,4200,2016-12-15T10:05:00Z,2016-12-15T10:05:00Z,2016-12-15T11:45:00Z,2016-12-15T11:47:00Z,AAQ,SVO,733,100.0,130,130,100,1886000.00,118,1446800.00,12,439200.00
136470,PG0252,Anapa,Moscow,Europe/Moscow,37.4146,55.972599,Boeing 737-300,4200,2016-10-27T10:05:00Z,2016-10-27T10:06:00Z,2016-10-27T11:45:00Z,2016-10-27T11:46:00Z,AAQ,SVO,733,100.0,130,110,84,1593200.00,100,1227200.00,10,366000.00
136471,PG0252,Anapa,Moscow,Europe/Moscow,37.4146,55.972599,Boeing 737-300,4200,2017-01-17T10:05:00Z,2017-01-17T10:11:00Z,2017-01-17T11:45:00Z,2017-01-17T11:51:00Z,AAQ,SVO,733,100.0,130,120,92,1762800.00,108,1323600.00,12,439200.00
136474,PG0252,Anapa,Moscow,Europe/Moscow,37.4146,55.972599,Boeing 737-300,4200,2016-12-02T10:05:00Z,2016-12-02T10:06:00Z,2016-12-02T11:45:00Z,2016-12-02T11:44:00Z,AAQ,SVO,733,100.0,130,130,100,1886000.00,118,1446800.00,12,439200.00
136479,PG0252,Anapa,Moscow,Europe/Moscow,37.4146,55.972599,Boeing 737-300,4200,2017-02-21T10:05:00Z,2017-02-21T10:08:00Z,2017-02-21T11:45:00Z,2017-02-21T11:47:00Z,AAQ,SVO,733,100.0,130,122,93,1738400.00,112,1372400.00,10,366000.00
136484,PG0252,Anapa,Moscow,Europe/Moscow,37.4146,55.972599,Boeing 737-300,4200,2016-10-31T10:05:00Z,2016-10-31T10:08:00Z,2016-10-31T11:45:00Z,2016-10-31T11:48:00Z,AAQ,SVO,733,100.0,130,116,89,1690800.00,105,1288200.00,11,402600.00
136485,PG0252,Anapa,Moscow,Europe/Moscow,37.4146,55.972599,Boeing 737-300,4200,2017-01-27T10:05:00Z,2017-01-27T10:07:00Z,2017-01-27T11:45:00Z,2017-01-27T11:47:00Z,AAQ,SVO,733,100.0,130,106,81,1520000.00,97,1190600.00,9,329400.00
136486,PG0252,Anapa,Moscow,Europe/Moscow,37.4146,55.972599,Boeing 737-300,4200,2017-02-02T10:05:00Z,2017-02-02T10:07:00Z,2017-02-02T11:45:00Z,2017-02-02T11:48:00Z,AAQ,SVO,733,100.0,130,107,82,1505400.00,99,1212600.00,8,292800.00
136488,PG0252,Anapa,Moscow,Europe/Moscow,37.4146,55.972599,Boeing 737-300,4200,2017-03-19T10:05:00Z,2017-03-19T10:09:00Z,2017-03-19T11:45:00Z,2017-03-19T11:48:00Z,AAQ,SVO,733,100.0,130,111,85,1653000.00,99,1213800.00,12,439200.00
136490,PG0252,Anapa,Moscow,Europe/Moscow,37.4146,55.972599,Boeing 737-300,4200,2016-10-26T10:05:00Z,2016-10-26T10:10:00Z,2016-10-26T11:45:00Z,2016-10-26T11:51:00Z,AAQ,SVO,733,100.0,130,110,84,1615200.00,99,1212600.00,11,402600.00
136491,PG0252,Anapa,Moscow,Europe/Moscow,37.4146,55.972599,Boeing 737-300,4200,2016-12-08T10:05:00Z,2016-12-08T10:08:00Z,2016-12-08T11:45:00Z,2016-12-08T11:49:00Z,AAQ,SVO,733,100.0,130,103,79,1505400.00,93,1139400.00,10,366000.00
136492,PG0252,Anapa,Moscow,Europe/Moscow,37.4146,55.972599,Boeing 737-300,4200,2016-12-23T10:05:00Z,2016-12-23T10:08:00Z,2016-12-23T11:45:00Z,2016-12-23T11:48:00Z,AAQ,SVO,733,100.0,130,118,90,1690800.00,108,1324800.00,10,366000.00
136494,PG0252,Anapa,Moscow,Europe/Moscow,37.4146,55.972599,Boeing 737-300,4200,2016-11-29T10:05:00Z,2016-11-29T10:06:00Z,2016-11-29T11:45:00Z,2016-11-29T11:47:00Z,AAQ,SVO,733,100.0,130,109,83,1579800.00,99,1213800.00,10,366000.00
136497,PG0252,Anapa,Moscow,Europe/Moscow,37.4146,55.972599,Boeing 737-300,4200,2017-03-20T10:05:00Z,2017-03-20T10:09:00Z,2017-03-20T11:45:00Z,2017-03-20T11:49:00Z,AAQ,SVO,733,100.0,130,118,90,1739600.00,106,1300400.00,12,439200.00
136499,PG0252,Anapa,Moscow,Europe/Moscow,37.4146,55.972599,Boeing 737-300,4200,2016-11-06T10:05:00Z,2016-11-06T10:10:00Z,2016-11-06T11:45:00Z,2016-11-06T11:49:00Z,AAQ,SVO,733,100.0,130,114,87,1642000.00,104,1276000.00,10,366000.00
136503,PG0252,Anapa,Moscow,Europe/Moscow,37.4146,55.972599,Boeing 737-300,4200,2017-03-04T10:05:00Z,2017-03-04T10:08:00Z,2017-03-04T11:45:00Z,2017-03-04T11:46:00Z,AAQ,SVO,733,100.0,130,111,85,1579800.00,102,1250400.00,9,329400.00
136509,PG0252,Anapa,Moscow,Europe/Moscow,37.4146,55.972599,Boeing 737-300,4200,2017-03-16T10:05:00Z,2017-03-16T10:07:00Z,2017-03-16T11:45:00Z,2017-03-16T11:46:00Z,AAQ,SVO,733,100.0,130,106,81,1542000.00,96,1176000.00,10,366000.00
136511,PG0194,Anapa,Novokuznetsk,Asia/Novokuznetsk,86.877197265625,53.8114013671875,Boeing 737-300,4200,2017-02-21T06:10:00Z,2017-02-21T06:15:00Z,2017-02-21T11:15:00Z,2017-02-21T11:25:00Z,AAQ,NOZ,733,305.0,130,0,0,,,,,
136513,PG0194,Anapa,Novokuznetsk,Asia/Novokuznetsk,86.877197265625,53.8114013671875,Boeing 737-300,4200,2017-02-28T06:10:00Z,2017-02-28T06:13:00Z,2017-02-28T11:15:00Z,2017-02-28T11:23:00Z,AAQ,NOZ,733,305.0,130,0,0,,,,,
136514,PG0194,Anapa,Novokuznetsk,Asia/Novokuznetsk,86.877197265625,53.8114013671875,Boeing 737-300,4200,2017-02-07T06:10:00Z,2017-02-07T06:14:00Z,2017-02-07T11:15:00Z,2017-02-07T11:13:00Z,AAQ,NOZ,733,305.0,130,0,0,,,,,
136515,PG0194,Anapa,Novokuznetsk,Asia/Novokuznetsk,86.877197265625,53.8114013671875,Boeing 737-300,4200,2016-11-29T06:10:00Z,2016-11-29T06:14:00Z,2016-11-29T11:15:00Z,2016-11-29T11:13:00Z,AAQ,NOZ,733,305.0,130,0,0,,,,,
136516,PG0194,Anapa,Novokuznetsk,Asia/Novokuznetsk,86.877197265625,53.8114013671875,Boeing 737-300,4200,2017-03-21T06:10:00Z,2017-03-21T06:11:00Z,2017-03-21T11:15:00Z,2017-03-21T11:15:00Z,AAQ,NOZ,733,305.0,130,0,0,,,,,
136518,PG0194,Anapa,Novokuznetsk,Asia/Novokuznetsk,86.877197265625,53.8114013671875,Boeing 737-300,4200,2016-12-20T06:10:00Z,2016-12-20T06:13:00Z,2016-12-20T11:15:00Z,2016-12-20T11:17:00Z,AAQ,NOZ,733,305.0,130,0,0,,,,,
136522,PG0194,Anapa,Novokuznetsk,Asia/Novokuznetsk,86.877197265625,53.8114013671875,Boeing 737-300,4200,2016-11-15T06:10:00Z,2016-11-15T06:14:00Z,2016-11-15T11:15:00Z,2016-11-15T11:19:00Z,AAQ,NOZ,733,305.0,130,0,0,,,,,
136523,PG0194,Anapa,Novokuznetsk,Asia/Novokuznetsk,86.877197265625,53.8114013671875,Boeing 737-300,4200,2017-01-10T06:10:00Z,2017-01-10T06:14:00Z,2017-01-10T11:15:00Z,2017-01-10T11:26:00Z,AAQ,NOZ,733,305.0,130,0,0,,,,,
136533,PG0194,Anapa,Novokuznetsk,Asia/Novokuznetsk,86.877197265625,53.8114013671875,Boeing 737-300,4200,2016-12-13T06:10:00Z,2016-12-13T06:13:00Z,2016-12-13T11:15:00Z,2016-12-13T11:16:00Z,AAQ,NOZ,733,305.0,130,0,0,,,,,
136534,PG0194,Anapa,Novokuznetsk,Asia/Novokuznetsk,86.877197265625,53.8114013671875,Boeing 737-300,4200,2016-12-06T06:10:00Z,2016-12-06T06:13:00Z,2016-12-06T11:15:00Z,2016-12-06T11:17:00Z,AAQ,NOZ,733,305.0,130,0,0,,,,,
136539,PG0194,Anapa,Novokuznetsk,Asia/Novokuznetsk,86.877197265625,53.8114013671875,Boeing 737-300,4200,2016-11-01T06:10:00Z,2016-11-01T06:11:00Z,2016-11-01T11:15:00Z,2016-11-01T11:13:00Z,AAQ,NOZ,733,305.0,130,0,0,,,,,
136540,PG0194,Anapa,Novokuznetsk,Asia/Novokuznetsk,86.877197265625,53.8114013671875,Boeing 737-300,4200,2017-01-17T06:10:00Z,2017-01-17T06:14:00Z,2017-01-17T11:15:00Z,2017-01-17T11:21:00Z,AAQ,NOZ,733,305.0,130,0,0,,,,,
136541,PG0194,Anapa,Novokuznetsk,Asia/Novokuznetsk,86.877197265625,53.8114013671875,Boeing 737-300,4200,2016-11-08T06:10:00Z,2016-11-08T06:11:00Z,2016-11-08T11:15:00Z,2016-11-08T11:19:00Z,AAQ,NOZ,733,305.0,130,0,0,,,,,
136544,PG0194,Anapa,Novokuznetsk,Asia/Novokuznetsk,86.877197265625,53.8114013671875,Boeing 737-300,4200,2017-01-31T06:10:00Z,2017-01-31T06:10:00Z,2017-01-31T11:15:00Z,2017-01-31T11:14:00Z,AAQ,NOZ,733,305.0,130,0,0,,,,,
136546,PG0194,Anapa,Novokuznetsk,Asia/Novokuznetsk,86.877197265625,53.8114013671875,Boeing 737-300,4200,2017-01-03T06:10:00Z,2017-01-03T06:13:00Z,2017-01-03T11:15:00Z,2017-01-03T11:15:00Z,AAQ,NOZ,733,305.0,130,0,0,,,,,
136553,PG0194,Anapa,Novokuznetsk,Asia/Novokuznetsk,86.877197265625,53.8114013671875,Boeing 737-300,4200,2017-03-14T06:10:00Z,2017-03-14T06:12:00Z,2017-03-14T11:15:00Z,2017-03-14T11:14:00Z,AAQ,NOZ,733,305.0,130,0,0,,,,,
136556,PG0194,Anapa,Novokuznetsk,Asia/Novokuznetsk,86.877197265625,53.8114013671875,Boeing 737-300,4200,2016-10-25T06:10:00Z,2016-10-25T06:13:00Z,2016-10-25T11:15:00Z,2016-10-25T11:17:00Z,AAQ,NOZ,733,305.0,130,0,0,,,,,
136557,PG0194,Anapa,Novokuznetsk,Asia/Novokuznetsk,86.877197265625,53.8114013671875,Boeing 737-300,4200,2017-03-07T06:10:00Z,2017-03-07T06:17:00Z,2017-03-07T11:15:00Z,2017-03-07T11:21:00Z,AAQ,NOZ,733,305.0,130,0,0,,,,,
136560,PG0194,Anapa,Novokuznetsk,Asia/Novokuznetsk,86.877197265625,53.8114013671875,Boeing 737-300,4200,2017-01-24T06:10:00Z,2017-01-24T06:13:00Z,2017-01-24T11:15:00Z,2017-01-24T11:18:00Z,AAQ,NOZ,733,305.0,130,0,0,,,,,
136564,PG0194,Anapa,Novokuznetsk,Asia/Novokuznetsk,86.877197265625,53.8114013671875,Boeing 737-300,4200,2016-12-27T06:10:00Z,2016-12-27T06:16:00Z,2016-12-27T11:15:00Z,2016-12-27T11:21:00Z,AAQ,NOZ,733,305.0,130,0,0,,,,,
136566,PG0194,Anapa,Novokuznetsk,Asia/Novokuznetsk,86.877197265625,53.8114013671875,Boeing 737-300,4200,2016-11-22T06:10:00Z,2016-11-22T06:10:00Z,2016-11-22T11:15:00Z,2016-11-22T11:16:00Z,AAQ,NOZ,733,305.0,130,0,0,,,,,
136567,PG0194,Anapa,Novokuznetsk,Asia/Novokuznetsk,86.877197265625,53.8114013671875,Boeing 737-300,4200,2017-02-14T06:10:00Z,2017-02-14T06:12:00Z,2017-02-14T11:15:00Z,2017-02-14T11:23:00Z,AAQ,NOZ,733,305.0,130,0,0,,,,,
136571,PG0480,Anapa,Belgorod,Europe/Moscow,36.5900993347168,50.643798828125,Sukhoi Superjet-100,3000,2017-01-25T09:25:00Z,2017-01-25T09:28:00Z,2017-01-25T10:15:00Z,2017-01-25T10:18:00Z,AAQ,EGO,SU9,50.0,97,95,97,752700.00,83,525900.00,12,226800.00
136573,PG0480,Anapa,Belgorod,Europe/Moscow,36.5900993347168,50.643798828125,Sukhoi Superjet-100,3000,2016-11-29T09:25:00Z,2016-11-29T09:29:00Z,2016-11-29T10:15:00Z,2016-11-29T10:19:00Z,AAQ,EGO,SU9,50.0,97,95,97,752700.00,83,525900.00,12,226800.00
136577,PG0480,Anapa,Belgorod,Europe/Moscow,36.5900993347168,50.643798828125,Sukhoi Superjet-100,3000,2017-03-01T09:25:00Z,2017-03-01T09:30:00Z,2017-03-01T10:15:00Z,2017-03-01T10:20:00Z,AAQ,EGO,SU9,50.0,97,84,86,658200.00,74,469200.00,10,189000.00
136582,PG0480,Anapa,Belgorod,Europe/Moscow,36.5900993347168,50.643798828125,Sukhoi Superjet-100,3000,2017-03-16T09:25:00Z,2017-03-16T09:26:00Z,2017-03-16T10:15:00Z,2017-03-16T10:16:00Z,AAQ,EGO,SU9,50.0,97,89,91,702300.00,78,494400.00,11,207900.00
136584,PG0480,Anapa,Belgorod,Europe/Moscow,36.5900993347168,50.643798828125,Sukhoi Superjet-100,3000,2016-11-20T09:25:00Z,2016-11-20T09:27:00Z,2016-11-20T10:15:00Z,2016-11-20T10:16:00Z,AAQ,EGO,SU9,50.0,97,81,83,638700.00,71,449700.00,10,189000.00
136586,PG0480,Anapa,Belgorod,Europe/Moscow,36.5900993347168,50.643798828125,Sukhoi Superjet-100,3000,2017-01-10T09:25:00Z,2017-01-10T09:28:00Z,2017-01-10T10:15:00Z,2017-01-10T10:18:00Z,AAQ,EGO,SU9,50.0,97,96,98,759000.00,84,532200.00,12,226800.00
136587,PG0480,Anapa,Belgorod,Europe/Moscow,36.5900993347168,50.643798828125,Sukhoi Superjet-100,3000,2016-10-29T09:25:00Z,2016-10-29T09:32:00Z,2016-10-29T10:15:00Z,2016-10-29T10:23:00Z,AAQ,EGO,SU9,50.0,97,86,88,696000.00,74,469200.00,12,226800.00
136591,PG0480,Anapa,Belgorod,Europe/Moscow,36.5900993347168,50.643798828125,Sukhoi Superjet-100,3000,2016-11-04T09:25:00Z,2016-11-04T09:27:00Z,2016-11-04T10:15:00Z,2016-11-04T10:17:00Z,AAQ,EGO,SU9,50.0,97,97,100,765300.00,85,538500.00,12,226800.00
136592,PG0480,Anapa,Belgorod,Europe/Moscow,36.5900993347168,50.643798828125,Sukhoi Superjet-100,3000,2016-12-25T09:25:00Z,2016-12-25T09:28:00Z,2016-12-25T10:15:00Z,2016-12-25T10:18:00Z,AAQ,EGO,SU9,50.0,97,89,91,677100.00,80,507000.00,9,170100.00
136597,PG0480,Anapa,Belgorod,Europe/Moscow,36.5900993347168,50.643798828125,Sukhoi Superjet-100,3000,2017-03-24T09:25:00Z,2017-03-24T09:29:00Z,2017-03-24T10:15:00Z,2017-03-24T10:19:00Z,AAQ,EGO,SU9,50.0,97,79,81,651900.00,67,425100.00,12,226800.00
136598,PG0480,Anapa,Belgorod,Europe/Moscow,36.5900993347168,50.643798828125,Sukhoi Superjet-100,3000,2016-11-11T09:25:00Z,2016-11-11T09:30:00Z,2016-11-11T10:15:00Z,2016-11-11T10:20:00Z,AAQ,EGO,SU9,50.0,97,90,92,721200.00,78,494400.00,12,226800.00
136600,PG0480,Anapa,Belgorod,Europe/Moscow,36.5900993347168,50.643798828125,Sukhoi Superjet-100,3000,2017-02-08T09:25:00Z,2017-02-08T09:26:00Z,2017-02-08T10:15:00Z,2017-02-08T10:16:00Z,AAQ,EGO,SU9,50.0,97,97,100,765300.00,85,538500.00,12,226800.00
136605,PG0480,Anapa,Belgorod,Europe/Moscow,36.5900993347168,50.643798828125,Sukhoi Superjet-100,3000,2017-02-15T09:25:00Z,2017-02-15T09:28:00Z,2017-02-15T10:15:00Z,2017-02-15T10:19:00Z,AAQ,EGO,SU9,50.0,97,97,100,765300.00,85,538500.00,12,226800.00
136608,PG0480,Anapa,Belgorod,Europe/Moscow,36.5900993347168,50.643798828125,Sukhoi Superjet-100,3000,2017-03-26T09:25:00Z,2017-03-26T09:29:00Z,2017-03-26T10:15:00Z,2017-03-26T10:19:00Z,AAQ,EGO,SU9,50.0,97,85,87,651300.00,76,481200.00,9,170100.00
136609,PG0480,Anapa,Belgorod,Europe/Moscow,36.5900993347168,50.643798828125,Sukhoi Superjet-100,3000,2017-01-08T09:25:00Z,2017-01-08T09:28:00Z,2017-01-08T10:15:00Z,2017-01-08T10:18:00Z,AAQ,EGO,SU9,50.0,97,81,83,639300.00,71,450300.00,10,189000.00
136612,PG0480,Anapa,Belgorod,Europe/Moscow,36.5900993347168,50.643798828125,Sukhoi Superjet-100,3000,2017-02-21T09:25:00Z,2017-02-21T09:27:00Z,2017-02-21T10:15:00Z,2017-02-21T10:17:00Z,AAQ,EGO,SU9,50.0,97,94,96,746400.00,82,519600.00,12,226800.00
136617,PG0480,Anapa,Belgorod,Europe/Moscow,36.5900993347168,50.643798828125,Sukhoi Superjet-100,3000,2016-12-27T09:25:00Z,2016-12-27T09:26:00Z,2016-12-27T10:15:00Z,2016-12-27T10:16:00Z,AAQ,EGO,SU9,50.0,97,97,100,765300.00,85,538500.00,12,226800.00
136620,PG0480,Anapa,Belgorod,Europe/Moscow,36.5900993347168,50.643798828125,Sukhoi Superjet-100,3000,2017-02-17T09:25:00Z,2017-02-17T09:30:00Z,2017-02-17T10:15:00Z,2017-02-17T10:19:00Z,AAQ,EGO,SU9,50.0,97,79,81,613500.00,70,443400.00,9,170100.00
136624,PG0480,Anapa,Belgorod,Europe/Moscow,36.5900993347168,50.643798828125,Sukhoi Superjet-100,3000,2017-03-07T09:25:00Z,2017-03-07T09:27:00Z,2017-03-07T10:15:00Z,2017-03-07T10:16:00Z,AAQ,EGO,SU9,50.0,97,94,96,746400.00,82,519600.00,12,226800.00
136630,PG0480,Anapa,Belgorod,Europe/Moscow,36.5900993347168,50.643798828125,Sukhoi Superjet-100,3000,2017-02-25T09:25:00Z,2017-02-25T09:32:00Z,2017-02-25T10:15:00Z,2017-02-25T10:22:00Z,AAQ,EGO,SU9,50.0,97,94,96,746400.00,82,519600.00,12,226800.00
136631,PG0480,Anapa,Belgorod,Europe/Moscow,36.5900993347168,50.643798828125,Sukhoi Superjet-100,3000,2016-12-22T09:25:00Z,2016-12-22T09:26:00Z,2016-12-22T10:15:00Z,2016-12-22T10:16:00Z,AAQ,EGO,SU9,50.0,97,90,92,721200.00,78,494400.00,12,226800.00
136632,PG0480,Anapa,Belgorod,Europe/Moscow,36.5900993347168,50.643798828125,Sukhoi Superjet-100,3000,2017-01-07T09:25:00Z,2017-01-07T12:42:00Z,2017-01-07T10:15:00Z,2017-01-07T13:33:00Z,AAQ,EGO,SU9,50.0,97,91,93,714300.00,80,506400.00,11,207900.00
136641,PG0480,Anapa,Belgorod,Europe/Moscow,36.5900993347168,50.643798828125,Sukhoi Superjet-100,3000,2016-11-18T09:25:00Z,2016-11-18T09:29:00Z,2016-11-18T10:15:00Z,2016-11-18T10:19:00Z,AAQ,EGO,SU9,50.0,97,94,96,746400.00,82,519600.00,12,226800.00
136642,PG0480,Anapa,Belgorod,Europe/Moscow,36.5900993347168,50.643798828125,Sukhoi Superjet-100,3000,2017-01-30T09:25:00Z,2017-01-30T09:28:00Z,2017-01-30T10:15:00Z,2017-01-30T10:17:00Z,AAQ,EGO,SU9,50.0,97,64,65,531000.00,54,342000.00,10,189000.00
136645,PG0480,Anapa,Belgorod,Europe/Moscow,36.5900993347168,50.643798828125,Sukhoi Superjet-100,3000,2017-01-05T09:25:00Z,2017-01-05T09:29:00Z,2017-01-05T10:15:00Z,2017-01-05T10:20:00Z,AAQ,EGO,SU9,50.0,97,82,84,633000.00,73,462900.00,9,170100.00
136649,PG0480,Anapa,Belgorod,Europe/Moscow,36.5900993347168,50.643798828125,Sukhoi Superjet-100,3000,2017-01-18T09:25:00Z,2017-01-18T09:25:00Z,2017-01-18T10:15:00Z,2017-01-18T10:15:00Z,AAQ,EGO,SU9,50.0,97,96,98,759000.00,84,532200.00,12,226800.00
136653,PG0480,Anapa,Belgorod,Europe/Moscow,36.5900993347168,50.643798828125,Sukhoi Superjet-100,3000,2016-12-24T09:25:00Z,2016-12-24T09:27:00Z,2016-12-24T10:15:00Z,2016-12-24T10:17:00Z,AAQ,EGO,SU9,50.0,97,89,91,701700.00,78,493800.00,11,207900.00
136654,PG0480,Anapa,Belgorod,Europe/Moscow,36.5900993347168,50.643798828125,Sukhoi Superjet-100,3000,2017-01-19T09:25:00Z,2017-01-19T09:28:00Z,2017-01-19T10:15:00Z,2017-01-19T10:17:00Z,AAQ,EGO,SU9,50.0,97,96,98,759000.00,84,532200.00,12,226800.00
136655,PG0480,Anapa,Belgorod,Europe/Moscow,36.5900993347168,50.643798828125,Sukhoi Superjet-100,3000,2016-11-06T09:25:00Z,2016-11-06T09:32:00Z,2016-11-06T10:15:00Z,2016-11-06T10:22:00Z,AAQ,EGO,SU9,50.0,97,91,93,714300.00,80,506400.00,11,207900.00
136659,PG0480,Anapa,Belgorod,Europe/Moscow,36.5900993347168,50.643798828125,Sukhoi Superjet-100,3000,2016-10-30T09:25:00Z,2016-10-30T09:26:00Z,2016-10-30T10:15:00Z,2016-10-30T10:16:00Z,AAQ,EGO,SU9,50.0,97,97,100,765300.00,85,538500.00,12,226800.00
136660,PG0480,Anapa,Belgorod,Europe/Moscow,36.5900993347168,50.643798828125,Sukhoi Superjet-100,3000,2017-02-20T09:25:00Z,2017-02-20T09:26:00Z,2017-02-20T10:15:00Z,2017-02-20T10:15:00Z,AAQ,EGO,SU9,50.0,97,87,89,677100.00,77,488100.00,10,189000.00
136661,PG0480,Anapa,Belgorod,Europe/Moscow,36.5900993347168,50.643798828125,Sukhoi Superjet-100,3000,2017-01-01T09:25:00Z,2017-01-01T09:27:00Z,2017-01-01T10:15:00Z,2017-01-01T10:17:00Z,AAQ,EGO,SU9,50.0,97,96,98,759000.00,84,532200.00,12,226800.00
136664,PG0480,Anapa,Belgorod,Europe/Moscow,36.5900993347168,50.643798828125,Sukhoi Superjet-100,3000,2016-11-08T09:25:00Z,2016-11-08T09:27:00Z,2016-11-08T10:15:00Z,2016-11-08T10:17:00Z,AAQ,EGO,SU9,50.0,97,95,97,740100.00,84,532200.00,11,207900.00
136665,PG0480,Anapa,Belgorod,Europe/Moscow,36.5900993347168,50.643798828125,Sukhoi Superjet-100,3000,2016-11-17T09:25:00Z,2016-11-17T09:31:00Z,2016-11-17T10:15:00Z,2016-11-17T10:20:00Z,AAQ,EGO,SU9,50.0,97,95,97,752700.00,83,525900.00,12,226800.00
136666,PG0480,Anapa,Belgorod,Europe/Moscow,36.5900993347168,50.643798828125,Sukhoi Superjet-100,3000,2017-02-09T09:25:00Z,2017-02-09T09:26:00Z,2017-02-09T10:15:00Z,2017-02-09T10:16:00Z,AAQ,EGO,SU9,50.0,97,87,89,664500.00,78,494400.00,9,170100.00
136669,PG0480,Anapa,Belgorod,Europe/Moscow,36.5900993347168,50.643798828125,Sukhoi Superjet-100,3000,2017-01-17T09:25:00Z,2017-01-17T09:26:00Z,2017-01-17T10:15:00Z,2017-01-17T10:17:00Z,AAQ,EGO,SU9,50.0,97,95,97,752700.00,83,525900.00,12,226800.00
136672,PG0480,Anapa,Belgorod,Europe/Moscow,36.5900993347168,50.643798828125,Sukhoi Superjet-100,3000,2017-02-03T09:25:00Z,2017-02-03T09:28:00Z,2017-02-03T10:15:00Z,2017-02-03T10:18:00Z,AAQ,EGO,SU9,50.0,97,96,98,759000.00,84,532200.00,12,226800.00
136677,PG0480,Anapa,Belgorod,Europe/Moscow,36.5900993347168,50.643798828125,Sukhoi Superjet-100,3000,2017-03-19T09:25:00Z,2017-03-19T09:28:00Z,2017-03-19T10:15:00Z,2017-03-19T10:19:00Z,AAQ,EGO,SU9,50.0,97,92,94,721200.00,81,513300.00,11,207900.00
136678,PG0480,Anapa,Belgorod,Europe/Moscow,36.5900993347168,50.643798828125,Sukhoi Superjet-100,3000,2017-01-28T09:25:00Z,2017-01-28T09:27:00Z,2017-01-28T10:15:00Z,2017-01-28T10:17:00Z,AAQ,EGO,SU9,50.0,97,80,82,631200.00,70,442200.00,10,189000.00
136679,PG0480,Anapa,Belgorod,Europe/Moscow,36.5900993347168,50.643798828125,Sukhoi Superjet-100,3000,2016-11-12T09:25:00Z,2016-11-12T09:26:00Z,2016-11-12T10:15:00Z,2016-11-12T10:16:00Z,AAQ,EGO,SU9,50.0,97,74,76,582000.00,65,411900.00,9,170100.00
136680,PG0480,Anapa,Belgorod,Europe/Moscow,36.5900993347168,50.643798828125,Sukhoi Superjet-100,3000,2016-12-26T09:25:00Z,2016-12-26T09:34:00Z,2016-12-26T10:15:00Z,2016-12-26T10:24:00Z,AAQ,EGO,SU9,50.0,97,92,94,733800.00,80,507000.00,12,226800.00
136681,PG0480,Anapa,Belgorod,Europe/Moscow,36.5900993347168,50.643798828125,Sukhoi Superjet-100,3000,2016-11-28T09:25:00Z,2016-11-28T09:28:00Z,2016-11-28T10:15:00Z,2016-11-28T10:18:00Z,AAQ,EGO,SU9,50.0,97,95,97,752100.00,83,525300.00,12,226800.00
136683,PG0480,Anapa,Belgorod,Europe/Moscow,36.5900993347168,50.643798828125,Sukhoi Superjet-100,3000,2016-10-25T09:25:00Z,2016-10-25T09:29:00Z,2016-10-25T10:15:00Z,2016-10-25T10:18:00Z,AAQ,EGO,SU9,50.0,97,90,92,721200.00,78,494400.00,12,226800.00
136684,PG0480,Anapa,Belgorod,Europe/Moscow,36.5900993347168,50.643798828125,Sukhoi Superjet-100,3000,2016-11-30T09:25:00Z,2016-11-30T09:27:00Z,2016-11-30T10:15:00Z,2016-11-30T10:16:00Z,AAQ,EGO,SU9,50.0,97,97,100,765300.00,85,538500.00,12,226800.00
136688,PG0480,Anapa,Belgorod,Europe/Moscow,36.5900993347168,50.643798828125,Sukhoi Superjet-100,3000,2016-12-15T09:25:00Z,2016-12-15T09:30:00Z,2016-12-15T10:15:00Z,2016-12-15T10:20:00Z,AAQ,EGO,SU9,50.0,97,89,91,689700.00,79,500700.00,10,189000.00
136691,PG0480,Anapa,Belgorod,Europe/Moscow,36.5900993347168,50.643798828125,Sukhoi Superjet-100,3000,2016-12-13T09:25:00Z,2016-12-13T09:25:00Z,2016-12-13T10:15:00Z,2016-12-13T10:14:00Z,AAQ,EGO,SU9,50.0,97,87,89,689700.00,76,481800.00,11,207900.00
136696,PG0480,Anapa,Belgorod,Europe/Moscow,36.5900993347168,50.643798828125,Sukhoi Superjet-100,3000,2017-03-05T09:25:00Z,2017-03-05T09:32:00Z,2017-03-05T10:15:00Z,2017-03-05T10:22:00Z,AAQ,EGO,SU9,50.0,97,95,97,752700.00,83,525900.00,12,226800.00
136698,PG0480,Anapa,Belgorod,Europe/Moscow,36.5900993347168,50.643798828125,Sukhoi Superjet-100,3000,2016-12-01T09:25:00Z,2016-12-01T09:30:00Z,2016-12-01T10:15:00Z,2016-12-01T10:19:00Z,AAQ,EGO,SU9,50.0,97,94,96,746400.00,82,519600.00,12,226800.00
136702,PG0480,Anapa,Belgorod,Europe/Moscow,36.5900993347168,50.643798828125,Sukhoi Superjet-100,3000,2016-12-23T09:25:00Z,2016-12-23T09:26:00Z,2016-12-23T10:15:00Z,2016-12-23T10:16:00Z,AAQ,EGO,SU9,50.0,97,84,86,670800.00,73,462900.00,11,207900.00
136706,PG0480,Anapa,Belgorod,Europe/Moscow,36.5900993347168,50.643798828125,Sukhoi Superjet-100,3000,2017-01-06T09:25:00Z,2017-01-06T09:30:00Z,2017-01-06T10:15:00Z,2017-01-06T10:20:00Z,AAQ,EGO,SU9,50.0,97,95,97,740100.00,84,532200.00,11,207900.00
136709,PG0480,Anapa,Belgorod,Europe/Moscow,36.5900993347168,50.643798828125,Sukhoi Superjet-100,3000,2017-01-15T09:25:00Z,2017-01-15T09:28:00Z,2017-01-15T10:15:00Z,2017-01-15T10:18:00Z,AAQ,EGO,SU9,50.0,97,87,89,689700.00,76,481800.00,11,207900.00
136720,PG0480,Anapa,Belgorod,Europe/Moscow,36.5900993347168,50.643798828125,Sukhoi Superjet-100,3000,2017-01-26T09:25:00Z,2017-01-26T09:29:00Z,2017-01-26T10:15:00Z,2017-01-26T10:19:00Z,AAQ,EGO,SU9,50.0,97,95,97,752700.00,83,525900.00,12,226800.00
136721,PG0480,Anapa,Belgorod,Europe/Moscow,36.5900993347168,50.643798828125,Sukhoi Superjet-100,3000,2017-03-15T09:25:00Z,2017-03-15T09:29:00Z,2017-03-15T10:15:00Z,2017-03-15T10:18:00Z,AAQ,EGO,SU9,50.0,97,74,76,568800.00,66,417600.00,8,151200.00
136722,PG0480,Anapa,Belgorod,Europe/Moscow,36.5900993347168,50.643798828125,Sukhoi Superjet-100,3000,2016-11-19T09:25:00Z,2016-11-19T09:33:00Z,2016-11-19T10:15:00Z,2016-11-19T10:23:00Z,AAQ,EGO,SU9,50.0,97,80,82,643200.00,69,435300.00,11,207900.00
136723,PG0480,Anapa,Belgorod,Europe/Moscow,36.5900993347168,50.643798828125,Sukhoi Superjet-100,3000,2017-03-13T09:25:00Z,2017-03-13T12:51:00Z,2017-03-13T10:15:00Z,2017-03-13T13:41:00Z,AAQ,EGO,SU9,50.0,97,94,96,746400.00,82,519600.00,12,226800.00
136725,PG0480,Anapa,Belgorod,Europe/Moscow,36.5900993347168,50.643798828125,Sukhoi Superjet-100,3000,2016-12-19T09:25:00Z,2016-12-19T09:30:00Z,2016-12-19T10:15:00Z,2016-12-19T10:19:00Z,AAQ,EGO,SU9,50.0,97,92,94,696000.00,83,525900.00,9,170100.00
136729,PG0480,Anapa,Belgorod,Europe/Moscow,36.5900993347168,50.643798828125,Sukhoi Superjet-100,3000,2017-01-29T09:25:00Z,2017-01-29T09:29:00Z,2017-01-29T10:15:00Z,2017-01-29T10:19:00Z,AAQ,EGO,SU9,50.0,97,88,90,695400.00,77,487500.00,11,207900.00
136733,PG0480,Anapa,Belgorod,Europe/Moscow,36.5900993347168,50.643798828125,Sukhoi Superjet-100,3000,2017-01-09T09:25:00Z,2017-01-09T09:27:00Z,2017-01-09T10:15:00Z,2017-01-09T10:18:00Z,AAQ,EGO,SU9,50.0,97,94,96,746400.00,82,519600.00,12,226800.00
136736,PG0480,Anapa,Belgorod,Europe/Moscow,36.5900993347168,50.643798828125,Sukhoi Superjet-100,3000,2016-10-31T09:25:00Z,2016-10-31T09:27:00Z,2016-10-31T10:15:00Z,2016-10-31T10:17:00Z,AAQ,EGO,SU9,50.0,97,94,96,733800.00,83,525900.00,11,207900.00
136738,PG0480,Anapa,Belgorod,Europe/Moscow,36.5900993347168,50.643798828125,Sukhoi Superjet-100,3000,2016-12-20T09:25:00Z,2016-12-20T09:27:00Z,2016-12-20T10:15:00Z,2016-12-20T10:16:00Z,AAQ,EGO,SU9,50.0,97,87,89,689700.00,76,481800.00,11,207900.00
136740,PG0480,Anapa,Belgorod,Europe/Moscow,36.5900993347168,50.643798828125,Sukhoi Superjet-100,3000,2017-03-06T09:25:00Z,2017-03-06T09:27:00Z,2017-03-06T10:15:00Z,2017-03-06T10:17:00Z,AAQ,EGO,SU9,50.0,97,97,100,765300.00,85,538500.00,12,226800.00
136742,PG0480,Anapa,Belgorod,Europe/Moscow,36.5900993347168,50.643798828125,Sukhoi Superjet-100,3000,2016-12-18T09:25:00Z,2016-12-18T09:27:00Z,2016-12-18T10:15:00Z,2016-12-18T10:17:00Z,AAQ,EGO,SU9,50.0,97,97,100,765300.00,85,538500.00,12,226800.00
136748,PG0480,Anapa,Belgorod,Europe/Moscow,36.5900993347168,50.643798828125,Sukhoi Superjet-100,3000,2016-11-09T09:25:00Z,2016-11-09T09:27:00Z,2016-11-09T10:15:00Z,2016-11-09T10:17:00Z,AAQ,EGO,SU9,50.0,97,94,96,733800.00,83,525900.00,11,207900.00
136752,PG0480,Anapa,Belgorod,Europe/Moscow,36.5900993347168,50.643798828125,Sukhoi Superjet-100,3000,2016-11-02T09:25:00Z,2016-11-02T09:29:00Z,2016-11-02T10:15:00Z,2016-11-02T10:19:00Z,AAQ,EGO,SU9,50.0,97,96,98,759000.00,84,532200.00,12,226800.00
136754,PG0480,Anapa,Belgorod,Europe/Moscow,36.5900993347168,50.643798828125,Sukhoi Superjet-100,3000,2017-02-06T09:25:00Z,2017-02-06T09:29:00Z,2017-02-06T10:15:00Z,2017-02-06T10:18:00Z,AAQ,EGO,SU9,50.0,97,90,92,721200.00,78,494400.00,12,226800.00
136755,PG0480,Anapa,Belgorod,Europe/Moscow,36.5900993347168,50.643798828125,Sukhoi Superjet-100,3000,2017-01-21T09:25:00Z,2017-01-21T09:30:00Z,2017-01-21T10:15:00Z,2017-01-21T10:20:00Z,AAQ,EGO,SU9,50.0,97,97,100,765300.00,85,538500.00,12,226800.00
136757,PG0480,Anapa,Belgorod,Europe/Moscow,36.5900993347168,50.643798828125,Sukhoi Superjet-100,3000,2017-01-27T09:25:00Z,2017-01-27T09:30:00Z,2017-01-27T10:15:00Z,2017-01-27T10:19:00Z,AAQ,EGO,SU9,50.0,97,97,100,765300.00,85,538500.00,12,226800.00
136758,PG0480,Anapa,Belgorod,Europe/Moscow,36.5900993347168,50.643798828125,Sukhoi Superjet-100,3000,2017-01-12T09:25:00Z,2017-01-12T09:26:00Z,2017-01-12T10:15:00Z,2017-01-12T10:15:00Z,AAQ,EGO,SU9,50.0,97,97,100,765300.00,85,538500.00,12,226800.00
136761,PG0480,Anapa,Belgorod,Europe/Moscow,36.5900993347168,50.643798828125,Sukhoi Superjet-100,3000,2017-03-25T09:25:00Z,2017-03-25T09:29:00Z,2017-03-25T10:15:00Z,2017-03-25T10:19:00Z,AAQ,EGO,SU9,50.0,97,91,93,726300.00,79,499500.00,12,226800.00
136762,PG0480,Anapa,Belgorod,Europe/Moscow,36.5900993347168,50.643798828125,Sukhoi Superjet-100,3000,2016-11-10T09:25:00Z,2016-11-10T09:28:00Z,2016-11-10T10:15:00Z,2016-11-10T10:18:00Z,AAQ,EGO,SU9,50.0,97,97,100,765300.00,85,538500.00,12,226800.00
136765,PG0480,Anapa,Belgorod,Europe/Moscow,36.5900993347168,50.643798828125,Sukhoi Superjet-100,3000,2016-10-28T09:25:00Z,2016-10-28T09:28:00Z,2016-10-28T10:15:00Z,2016-10-28T10:18:00Z,AAQ,EGO,SU9,50.0,97,91,93,727500.00,79,500700.00,12,226800.00
136767,PG0480,Anapa,Belgorod,Europe/Moscow,36.5900993347168,50.643798828125,Sukhoi Superjet-100,3000,2017-01-23T09:25:00Z,2017-01-23T09:27:00Z,2017-01-23T10:15:00Z,2017-01-23T10:18:00Z,AAQ,EGO,SU9,50.0,97,83,85,651300.00,73,462300.00,10,189000.00
136768,PG0480,Anapa,Belgorod,Europe/Moscow,36.5900993347168,50.643798828125,Sukhoi Superjet-100,3000,2016-12-08T09:25:00Z,2016-12-08T09:27:00Z,2016-12-08T10:15:00Z,2016-12-08T10:17:00Z,AAQ,EGO,SU9,50.0,97,97,100,765300.00,85,538500.00,12,226800.00
136769,PG0480,Anapa,Belgorod,Europe/Moscow,36.5900993347168,50.643798828125,Sukhoi Superjet-100,3000,2017-02-10T09:25:00Z,2017-02-10T09:30:00Z,2017-02-10T10:15:00Z,2017-02-10T10:21:00Z,AAQ,EGO,SU9,50.0,97,88,90,696000.00,77,488100.00,11,207900.00
136771,PG0480,Anapa,Belgorod,Europe/Moscow,36.5900993347168,50.643798828125,Sukhoi Superjet-100,3000,2016-12-17T09:25:00Z,2016-12-17T09:26:00Z,2016-12-17T10:15:00Z,2016-12-17T10:15:00Z,AAQ,EGO,SU9,50.0,97,82,84,657000.00,71,449100.00,11,207900.00
136774,PG0480,Anapa,Belgorod,Europe/Moscow,36.5900993347168,50.643798828125,Sukhoi Superjet-100,3000,2016-12-02T09:25:00Z,2016-12-02T09:27:00Z,2016-12-02T10:15:00Z,2016-12-02T10:17:00Z,AAQ,EGO,SU9,50.0,97,93,95,740100.00,81,513300.00,12,226800.00
136778,PG0480,Anapa,Belgorod,Europe/Moscow,36.5900993347168,50.643798828125,Sukhoi Superjet-100,3000,2017-02-22T09:25:00Z,2017-02-22T09:26:00Z,2017-02-22T10:15:00Z,2017-02-22T10:16:00Z,AAQ,EGO,SU9,50.0,97,96,98,759000.00,84,532200.00,12,226800.00
136780,PG0480,Anapa,Belgorod,Europe/Moscow,36.5900993347168,50.643798828125,Sukhoi Superjet-100,3000,2017-02-24T09:25:00Z,2017-02-24T09:30:00Z,2017-02-24T10:15:00Z,2017-02-24T10:20:00Z,AAQ,EGO,SU9,50.0,97,89,91,714900.00,77,488100.00,12,226800.00
136781,PG0480,Anapa,Belgorod,Europe/Moscow,36.5900993347168,50.643798828125,Sukhoi Superjet-100,3000,2017-01-14T09:25:00Z,2017-01-14T09:26:00Z,2017-01-14T10:15:00Z,2017-01-14T10:16:00Z,AAQ,EGO,SU9,50.0,97,97,100,765300.00,85,538500.00,12,226800.00
136785,PG0480,Anapa,Belgorod,Europe/Moscow,36.5900993347168,50.643798828125,Sukhoi Superjet-100,3000,2016-12-29T09:25:00Z,2016-12-29T09:28:00Z,2016-12-29T10:15:00Z,2016-12-29T10:19:00Z,AAQ,EGO,SU9,50.0,97,97,100,765300.00,85,538500.00,12,226800.00
136786,PG0480,Anapa,Belgorod,Europe/Moscow,36.5900993347168,50.643798828125,Sukhoi Superjet-100,3000,2016-11-15T09:25:00Z,2016-11-15T09:31:00Z,2016-11-15T10:15:00Z,2016-11-15T10:20:00Z,AAQ,EGO,SU9,50.0,97,74,76,594000.00,64,405000.00,10,189000.00
136787,PG0480,Anapa,Belgorod,Europe/Moscow,36.5900993347168,50.643798828125,Sukhoi Superjet-100,3000,2016-11-21T09:25:00Z,2016-11-21T09:27:00Z,2016-11-21T10:15:00Z,2016-11-21T10:17:00Z,AAQ,EGO,SU9,50.0,97,88,90,683400.00,78,494400.00,10,189000.00
136793,PG0480,Anapa,Belgorod,Europe/Moscow,36.5900993347168,50.643798828125,Sukhoi Superjet-100,3000,2016-12-06T09:25:00Z,2016-12-06T09:31:00Z,2016-12-06T10:15:00Z,2016-12-06T10:21:00Z,AAQ,EGO,SU9,50.0,97,97,100,765300.00,85,538500.00,12,226800.00
136797,PG0480,Anapa,Belgorod,Europe/Moscow,36.5900993347168,50.643798828125,Sukhoi Superjet-100,3000,2016-10-26T09:25:00Z,2016-10-26T09:26:00Z,2016-10-26T10:15:00Z,2016-10-26T10:16:00Z,AAQ,EGO,SU9,50.0,97,97,100,765300.00,85,538500.00,12,226800.00
136800,PG0480,Anapa,Belgorod,Europe/Moscow,36.5900993347168,50.643798828125,Sukhoi Superjet-100,3000,2016-12-09T09:25:00Z,2016-12-09T09:27:00Z,2016-12-09T10:15:00Z,2016-12-09T10:18:00Z,AAQ,EGO,SU9,50.0,97,82,84,645000.00,72,456000.00,10,189000.00
136801,PG0480,Anapa,Belgorod,Europe/Moscow,36.5900993347168,50.643798828125,Sukhoi Superjet-100,3000,2016-12-30T09:25:00Z,2016-12-30T09:28:00Z,2016-12-30T10:15:00Z,2016-12-30T10:18:00Z,AAQ,EGO,SU9,50.0,97,97,100,765300.00,85,538500.00,12,226800.00
136802,PG0480,Anapa,Belgorod,Europe/Moscow,36.5900993347168,50.643798828125,Sukhoi Superjet-100,3000,2017-02-26T09:25:00Z,2017-02-26T09:32:00Z,2017-02-26T10:15:00Z,2017-02-26T10:22:00Z,AAQ,EGO,SU9,50.0,97,96,98,746400.00,85,538500.00,11,207900.00
136803,PG0480,Anapa,Belgorod,Europe/Moscow,36.5900993347168,50.643798828125,Sukhoi Superjet-100,3000,2017-03-21T09:25:00Z,2017-03-21T09:27:00Z,2017-03-21T10:15:00Z,2017-03-21T10:17:00Z,AAQ,EGO,SU9,50.0,97,95,97,752700.00,83,525900.00,12,226800.00
136805,PG0480,Anapa,Belgorod,Europe/Moscow,36.5900993347168,50.643798828125,Sukhoi Superjet-100,3000,2016-12-07T09:25:00Z,2016-12-07T09:28:00Z,2016-12-07T10:15:00Z,2016-12-07T10:18:00Z,AAQ,EGO,SU9,50.0,97,96,98,746400.00,85,538500.00,11,207900.00
136807,PG0480,Anapa,Belgorod,Europe/Moscow,36.5900993347168,50.643798828125,Sukhoi Superjet-100,3000,2017-02-23T09:25:00Z,2017-02-23T09:28:00Z,2017-02-23T10:15:00Z,2017-02-23T10:18:00Z,AAQ,EGO,SU9,50.0,97,68,70,531000.00,60,379800.00,8,151200.00
136809,PG0480,Anapa,Belgorod,Europe/Moscow,36.5900993347168,50.643798828125,Sukhoi Superjet-100,3000,2016-11-14T09:25:00Z,2016-11-14T09:27:00Z,2016-11-14T10:15:00Z,2016-11-14T10:17:00Z,AAQ,EGO,SU9,50.0,97,97,100,765300.00,85,538500.00,12,226800.00
136810,PG0480,Anapa,Belgorod,Europe/Moscow,36.5900993347168,50.643798828125,Sukhoi Superjet-100,3000,2016-11-05T09:25:00Z,2016-11-05T09:30:00Z,2016-11-05T10:15:00Z,2016-11-05T10:20:00Z,AAQ,EGO,SU9,50.0,97,97,100,765300.00,85,538500.00,12,226800.00
136815,PG0480,Anapa,Belgorod,Europe/Moscow,36.5900993347168,50.643798828125,Sukhoi Superjet-100,3000,2017-02-19T09:25:00Z,2017-02-19T09:26:00Z,2017-02-19T10:15:00Z,2017-02-19T10:17:00Z,AAQ,EGO,SU9,50.0,97,97,100,765300.00,85,538500.00,12,226800.00
136819,PG0480,Anapa,Belgorod,Europe/Moscow,36.5900993347168,50.643798828125,Sukhoi Superjet-100,3000,2017-01-04T09:25:00Z,2017-01-04T09:29:00Z,2017-01-04T10:15:00Z,2017-01-04T10:19:00Z,AAQ,EGO,SU9,50.0,97,96,98,759000.00,84,532200.00,12,226800.00
136821,PG0480,Anapa,Belgorod,Europe/Moscow,36.5900993347168,50.643798828125,Sukhoi Superjet-100,3000,2016-11-26T09:25:00Z,2016-11-26T13:00:00Z,2016-11-26T10:15:00Z,2016-11-26T13:50:00Z,AAQ,EGO,SU9,50.0,97,96,98,759000.00,84,532200.00,12,226800.00
136822,PG0480,Anapa,Belgorod,Europe/Moscow,36.5900993347168,50.643798828125,Sukhoi Superjet-100,3000,2017-03-20T09:25:00Z,2017-03-20T09:26:00Z,2017-03-20T10:15:00Z,2017-03-20T10:15:00Z,AAQ,EGO,SU9,50.0,97,90,92,721200.00,78,494400.00,12,226800.00
136823,PG0480,Anapa,Belgorod,Europe/Moscow,36.5900993347168,50.643798828125,Sukhoi Superjet-100,3000,2017-02-05T09:25:00Z,2017-02-05T09:27:00Z,2017-02-05T10:15:00Z,2017-02-05T10:18:00Z,AAQ,EGO,SU9,50.0,97,78,80,620400.00,68,431400.00,10,189000.00
136825,PG0480,Anapa,Belgorod,Europe/Moscow,36.5900993347168,50.643798828125,Sukhoi Superjet-100,3000,2016-11-27T09:25:00Z,2016-11-27T09:30:00Z,2016-11-27T10:15:00Z,2016-11-27T10:20:00Z,AAQ,EGO,SU9,50.0,97,97,100,765300.00,85,538500.00,12,226800.00
136827,PG0480,Anapa,Belgorod,Europe/Moscow,36.5900993347168,50.643798828125,Sukhoi Superjet-100,3000,2017-02-18T09:25:00Z,2017-02-18T09:26:00Z,2017-02-18T10:15:00Z,2017-02-18T10:17:00Z,AAQ,EGO,SU9,50.0,97,97,100,765300.00,85,538500.00,12,226800.00
136835,PG0480,Anapa,Belgorod,Europe/Moscow,36.5900993347168,50.643798828125,Sukhoi Superjet-100,3000,2017-03-12T09:25:00Z,2017-03-12T09:26:00Z,2017-03-12T10:15:00Z,2017-03-12T10:16:00Z,AAQ,EGO,SU9,50.0,97,97,100,765300.00,85,538500.00,12,226800.00
136838,PG0480,Anapa,Belgorod,Europe/Moscow,36.5900993347168,50.643798828125,Sukhoi Superjet-100,3000,2017-01-24T09:25:00Z,2017-01-24T09:30:00Z,2017-01-24T10:15:00Z,2017-01-24T10:21:00Z,AAQ,EGO,SU9,50.0,97,86,88,670200.00,76,481200.00,10,189000.00
136841,PG0480,Anapa,Belgorod,Europe/Moscow,36.5900993347168,50.643798828125,Sukhoi Superjet-100,3000,2017-02-07T09:25:00Z,2017-02-07T09:25:00Z,2017-02-07T10:15:00Z,2017-02-07T10:16:00Z,AAQ,EGO,SU9,50.0,97,97,100,765300.00,85,538500.00,12,226800.00
136843,PG0480,Anapa,Belgorod,Europe/Moscow,36.5900993347168,50.643798828125,Sukhoi Superjet-100,3000,2016-12-04T09:25:00Z,2016-12-04T09:30:00Z,2016-12-04T10:15:00Z,2016-12-04T10:20:00Z,AAQ,EGO,SU9,50.0,97,78,80,632400.00,67,424500.00,11,207900.00
136844,PG0480,Anapa,Belgorod,Europe/Moscow,36.5900993347168,50.643798828125,Sukhoi Superjet-100,3000,2017-02-28T09:25:00Z,2017-02-28T09:26:00Z,2017-02-28T10:15:00Z,2017-02-28T10:16:00Z,AAQ,EGO,SU9,50.0,97,79,81,575100.00,73,461700.00,6,113400.00
136851,PG0480,Anapa,Belgorod,Europe/Moscow,36.5900993347168,50.643798828125,Sukhoi Superjet-100,3000,2017-03-04T09:25:00Z,2017-03-04T09:27:00Z,2017-03-04T10:15:00Z,2017-03-04T10:17:00Z,AAQ,EGO,SU9,50.0,97,88,90,695400.00,77,487500.00,11,207900.00
136855,PG0480,Anapa,Belgorod,Europe/Moscow,36.5900993347168,50.643798828125,Sukhoi Superjet-100,3000,2017-01-11T09:25:00Z,2017-01-11T12:07:00Z,2017-01-11T10:15:00Z,2017-01-11T12:57:00Z,AAQ,EGO,SU9,50.0,97,87,89,702300.00,75,475500.00,12,226800.00
136856,PG0480,Anapa,Belgorod,Europe/Moscow,36.5900993347168,50.643798828125,Sukhoi Superjet-100,3000,2017-03-18T09:25:00Z,2017-03-18T09:25:00Z,2017-03-18T10:15:00Z,2017-03-18T10:16:00Z,AAQ,EGO,SU9,50.0,97,95,97,752700.00,83,525900.00,12,226800.00
136857,PG0480,Anapa,Belgorod,Europe/Moscow,36.5900993347168,50.643798828125,Sukhoi Superjet-100,3000,2017-02-13T09:25:00Z,2017-02-13T09:31:00Z,2017-02-13T10:15:00Z,2017-02-13T10:21:00Z,AAQ,EGO,SU9,50.0,97,97,100,765300.00,85,538500.00,12,226800.00
136860,PG0480,Anapa,Belgorod,Europe/Moscow,36.5900993347168,50.643798828125,Sukhoi Superjet-100,3000,2017-03-03T09:25:00Z,2017-03-03T09:29:00Z,2017-03-03T10:15:00Z,2017-03-03T10:19:00Z,AAQ,EGO,SU9,50.0,97,97,100,765300.00,85,538500.00,12,226800.00
136861,PG0480,Anapa,Belgorod,Europe/Moscow,36.5900993347168,50.643798828125,Sukhoi Superjet-100,3000,2017-02-12T09:25:00Z,2017-02-12T09:28:00Z,2017-02-12T10:15:00Z,2017-02-12T10:17:00Z,AAQ,EGO,SU9,50.0,97,87,89,689100.00,76,481200.00,11,207900.00
136864,PG0480,Anapa,Belgorod,Europe/Moscow,36.5900993347168,50.643798828125,Sukhoi Superjet-100,3000,2017-03-11T09:25:00Z,2017-03-11T09:29:00Z,2017-03-11T10:15:00Z,2017-03-11T10:19:00Z,AAQ,EGO,SU9,50.0,97,93,95,727500.00,82,519600.00,11,207900.00
136865,PG0480,Anapa,Belgorod,Europe/Moscow,36.5900993347168,50.643798828125,Sukhoi Superjet-100,3000,2016-12-11T09:25:00Z,2016-12-11T09:29:00Z,2016-12-11T10:15:00Z,2016-12-11T10:19:00Z,AAQ,EGO,SU9,50.0,97,88,90,695400.00,77,487500.00,11,207900.00
136866,PG0480,Anapa,Belgorod,Europe/Moscow,36.5900993347168,50.643798828125,Sukhoi Superjet-100,3000,2016-12-28T09:25:00Z,2016-12-28T09:28:00Z,2016-12-28T10:15:00Z,2016-12-28T10:18:00Z,AAQ,EGO,SU9,50.0,97,94,96,733800.00,83,525900.00,11,207900.00
136869,PG0480,Anapa,Belgorod,Europe/Moscow,36.5900993347168,50.643798828125,Sukhoi Superjet-100,3000,2017-01-31T09:25:00Z,2017-01-31T09:26:00Z,2017-01-31T10:15:00Z,2017-01-31T10:16:00Z,AAQ,EGO,SU9,50.0,97,97,100,765300.00,85,538500.00,12,226800.00
136870,PG0480,Anapa,Belgorod,Europe/Moscow,36.5900993347168,50.643798828125,Sukhoi Superjet-100,3000,2016-11-16T09:25:00Z,2016-11-16T09:29:00Z,2016-11-16T10:15:00Z,2016-11-16T10:19:00Z,AAQ,EGO,SU9,50.0,97,81,83,626100.00,72,456000.00,9,170100.00
136871,PG0480,Anapa,Belgorod,Europe/Moscow,36.5900993347168,50.643798828125,Sukhoi Superjet-100,3000,2017-01-13T09:25:00Z,2017-01-13T09:28:00Z,2017-01-13T10:15:00Z,2017-01-13T10:18:00Z,AAQ,EGO,SU9,50.0,97,97,100,765300.00,85,538500.00,12,226800.00
136872,PG0480,Anapa,Belgorod,Europe/Moscow,36.5900993347168,50.643798828125,Sukhoi Superjet-100,3000,2016-12-14T09:25:00Z,2016-12-14T09:26:00Z,2016-12-14T10:15:00Z,2016-12-14T10:16:00Z,AAQ,EGO,SU9,50.0,97,97,100,765300.00,85,538500.00,12,226800.00
136873,PG0480,Anapa,Belgorod,Europe/Moscow,36.5900993347168,50.643798828125,Sukhoi Superjet-100,3000,2016-12-03T09:25:00Z,2016-12-03T09:26:00Z,2016-12-03T10:15:00Z,2016-12-03T10:17:00Z,AAQ,EGO,SU9,50.0,97,96,98,759000.00,84,532200.00,12,226800.00
136875,PG0480,Anapa,Belgorod,Europe/Moscow,36.5900993347168,50.643798828125,Sukhoi Superjet-100,3000,2017-02-16T09:25:00Z,2017-02-16T09:29:00Z,2017-02-16T10:15:00Z,2017-02-16T10:19:00Z,AAQ,EGO,SU9,50.0,97,97,100,765300.00,85,538500.00,12,226800.00
136878,PG0480,Anapa,Belgorod,Europe/Moscow,36.5900993347168,50.643798828125,Sukhoi Superjet-100,3000,2017-03-22T09:25:00Z,2017-03-22T09:25:00Z,2017-03-22T10:15:00Z,2017-03-22T10:15:00Z,AAQ,EGO,SU9,50.0,97,96,98,759000.00,84,532200.00,12,226800.00
136879,PG0480,Anapa,Belgorod,Europe/Moscow,36.5900993347168,50.643798828125,Sukhoi Superjet-100,3000,2016-11-03T09:25:00Z,2016-11-03T09:28:00Z,2016-11-03T10:15:00Z,2016-11-03T10:18:00Z,AAQ,EGO,SU9,50.0,97,70,72,531000.00,63,398700.00,7,132300.00
136882,PG0480,Anapa,Belgorod,Europe/Moscow,36.5900993347168,50.643798828125,Sukhoi Superjet-100,3000,2017-03-09T09:25:00Z,2017-03-09T12:09:00Z,2017-03-09T10:15:00Z,2017-03-09T12:59:00Z,AAQ,EGO,SU9,50.0,97,90,92,721200.00,78,494400.00,12,226800.00
136886,PG0480,Anapa,Belgorod,Europe/Moscow,36.5900993347168,50.643798828125,Sukhoi Superjet-100,3000,2016-12-16T09:25:00Z,2016-12-16T09:26:00Z,2016-12-16T10:15:00Z,2016-12-16T10:16:00Z,AAQ,EGO,SU9,50.0,97,90,92,721200.00,78,494400.00,12,226800.00
136887,PG0480,Anapa,Belgorod,Europe/Moscow,36.5900993347168,50.643798828125,Sukhoi Superjet-100,3000,2017-01-20T09:25:00Z,2017-01-20T09:30:00Z,2017-01-20T10:15:00Z,2017-01-20T10:19:00Z,AAQ,EGO,SU9,50.0,97,78,80,595200.00,70,444000.00,8,151200.00
136888,PG0480,Anapa,Belgorod,Europe/Moscow,36.5900993347168,50.643798828125,Sukhoi Superjet-100,3000,2017-02-14T09:25:00Z,2017-02-14T09:29:00Z,2017-02-14T10:15:00Z,2017-02-14T10:19:00Z,AAQ,EGO,SU9,50.0,97,79,81,626100.00,69,437100.00,10,189000.00
136889,PG0480,Anapa,Belgorod,Europe/Moscow,36.5900993347168,50.643798828125,Sukhoi Superjet-100,3000,2017-03-02T09:25:00Z,2017-03-02T09:26:00Z,2017-03-02T10:15:00Z,2017-03-02T10:16:00Z,AAQ,EGO,SU9,50.0,97,93,95,727500.00,82,519600.00,11,207900.00
136893,PG0480,Anapa,Belgorod,Europe/Moscow,36.5900993347168,50.643798828125,Sukhoi Superjet-100,3000,2016-11-07T09:25:00Z,2016-11-07T09:27:00Z,2016-11-07T10:15:00Z,2016-11-07T10:17:00Z,AAQ,EGO,SU9,50.0,97,90,92,708600.00,79,500700.00,11,207900.00
136899,PG0480,Anapa,Belgorod,Europe/Moscow,36.5900993347168,50.643798828125,Sukhoi Superjet-100,3000,2016-11-23T09:25:00Z,2016-11-23T09:28:00Z,2016-11-23T10:15:00Z,2016-11-23T10:18:00Z,AAQ,EGO,SU9,50.0,97,84,86,682800.00,72,456000.00,12,226800.00
136900,PG0480,Anapa,Belgorod,Europe/Moscow,36.5900993347168,50.643798828125,Sukhoi Superjet-100,3000,2017-02-01T09:25:00Z,2017-02-01T09:30:00Z,2017-02-01T10:15:00Z,2017-02-01T10:21:00Z,AAQ,EGO,SU9,50.0,97,97,100,765300.00,85,538500.00,12,226800.00
136904,PG0480,Anapa,Belgorod,Europe/Moscow,36.5900993347168,50.643798828125,Sukhoi Superjet-100,3000,2017-03-08T09:25:00Z,2017-03-08T09:33:00Z,2017-03-08T10:15:00Z,2017-03-08T10:23:00Z,AAQ,EGO,SU9,50.0,97,97,100,765300.00,85,538500.00,12,226800.00
136907,PG0480,Anapa,Belgorod,Europe/Moscow,36.5900993347168,50.643798828125,Sukhoi Superjet-100,3000,2017-01-16T09:25:00Z,2017-01-16T09:31:00Z,2017-01-16T10:15:00Z,2017-01-16T10:22:00Z,AAQ,EGO,SU9,50.0,97,96,98,759000.00,84,532200.00,12,226800.00
136911,PG0480,Anapa,Belgorod,Europe/Moscow,36.5900993347168,50.643798828125,Sukhoi Superjet-100,3000,2016-12-12T09:25:00Z,2016-12-12T13:05:00Z,2016-12-12T10:15:00Z,2016-12-12T13:55:00Z,AAQ,EGO,SU9,50.0,97,87,89,676500.00,77,487500.00,10,189000.00
136912,PG0480,Anapa,Belgorod,Europe/Moscow,36.5900993347168,50.643798828125,Sukhoi Superjet-100,3000,2017-03-17T09:25:00Z,2017-03-17T09:28:00Z,2017-03-17T10:15:00Z,2017-03-17T10:17:00Z,AAQ,EGO,SU9,50.0,97,73,75,575100.00,64,405000.00,9,170100.00
136913,PG0480,Anapa,Belgorod,Europe/Moscow,36.5900993347168,50.643798828125,Sukhoi Superjet-100,3000,2016-12-10T09:25:00Z,2016-12-10T09:30:00Z,2016-12-10T10:15:00Z,2016-12-10T10:19:00Z,AAQ,EGO,SU9,50.0,97,90,92,695400.00,80,506400.00,10,189000.00
136917,PG0480,Anapa,Belgorod,Europe/Moscow,36.5900993347168,50.643798828125,Sukhoi Superjet-100,3000,2017-03-23T09:25:00Z,2017-03-23T09:26:00Z,2017-03-23T10:15:00Z,2017-03-23T10:16:00Z,AAQ,EGO,SU9,50.0,97,97,100,765300.00,85,538500.00,12,226800.00
136922,PG0480,Anapa,Belgorod,Europe/Moscow,36.5900993347168,50.643798828125,Sukhoi Superjet-100,3000,2017-02-11T09:25:00Z,2017-02-11T09:27:00Z,2017-02-11T10:15:00Z,2017-02-11T10:17:00Z,AAQ,EGO,SU9,50.0,97,76,78,607800.00,66,418800.00,10,189000.00
136925,PG0480,Anapa,Belgorod,Europe/Moscow,36.5900993347168,50.643798828125,Sukhoi Superjet-100,3000,2016-11-01T09:25:00Z,2016-11-01T09:29:00Z,2016-11-01T10:15:00Z,2016-11-01T10:19:00Z,AAQ,EGO,SU9,50.0,97,93,95,740100.00,81,513300.00,12,226800.00
136926,PG0480,Anapa,Belgorod,Europe/Moscow,36.5900993347168,50.643798828125,Sukhoi Superjet-100,3000,2017-03-10T09:25:00Z,2017-03-10T09:27:00Z,2017-03-10T10:15:00Z,2017-03-10T10:17:00Z,AAQ,EGO,SU9,50.0,97,78,80,632400.00,67,424500.00,11,207900.00
136927,PG0480,Anapa,Belgorod,Europe/Moscow,36.5900993347168,50.643798828125,Sukhoi Superjet-100,3000,2017-01-22T09:25:00Z,2017-01-22T09:28:00Z,2017-01-22T10:15:00Z,2017-01-22T10:19:00Z,AAQ,EGO,SU9,50.0,97,97,100,765300.00,85,538500.00,12,226800.00
136929,PG0480,Anapa,Belgorod,Europe/Moscow,36.5900993347168,50.643798828125,Sukhoi Superjet-100,3000,2016-12-31T09:25:00Z,2016-12-31T09:25:00Z,2016-12-31T10:15:00Z,2016-12-31T10:15:00Z,AAQ,EGO,SU9,50.0,97,82,84,631800.00,73,461700.00,9,170100.00
136933,PG0480,Anapa,Belgorod,Europe/Moscow,36.5900993347168,50.643798828125,Sukhoi Superjet-100,3000,2017-03-14T09:25:00Z,2017-03-14T09:28:00Z,2017-03-14T10:15:00Z,2017-03-14T10:18:00Z,AAQ,EGO,SU9,50.0,97,83,85,651300.00,73,462300.00,10,189000.00
136936,PG0480,Anapa,Belgorod,Europe/Moscow,36.5900993347168,50.643798828125,Sukhoi Superjet-100,3000,2017-01-02T09:25:00Z,2017-01-02T09:28:00Z,2017-01-02T10:15:00Z,2017-01-02T10:18:00Z,AAQ,EGO,SU9,50.0,97,82,84,632400.00,73,462300.00,9,170100.00
136937,PG0480,Anapa,Belgorod,Europe/Moscow,36.5900993347168,50.643798828125,Sukhoi Superjet-100,3000,2017-01-03T09:25:00Z,2017-01-03T09:29:00Z,2017-01-03T10:15:00Z,2017-01-03T10:19:00Z,AAQ,EGO,SU9,50.0,97,81,83,626100.00,72,456000.00,9,170100.00
136941,PG0480,Anapa,Belgorod,Europe/Moscow,36.5900993347168,50.643798828125,Sukhoi Superjet-100,3000,2016-10-27T09:25:00Z,2016-10-27T09:29:00Z,2016-10-27T10:15:00Z,2016-10-27T10:19:00Z,AAQ,EGO,SU9,50.0,97,96,98,759000.00,84,532200.00,12,226800.00
136942,PG0480,Anapa,Belgorod,Europe/Moscow,36.5900993347168,50.643798828125,Sukhoi Superjet-100,3000,2016-11-22T09:25:00Z,2016-11-22T09:29:00Z,2016-11-22T10:15:00Z,2016-11-22T10:19:00Z,AAQ,EGO,SU9,50.0,97,95,97,727500.00,85,538500.00,10,189000.00
136943,PG0480,Anapa,Belgorod,Europe/Moscow,36.5900993347168,50.643798828125,Sukhoi Superjet-100,3000,2016-12-05T09:25:00Z,2016-12-05T09:28:00Z,2016-12-05T10:15:00Z,2016-12-05T10:18:00Z,AAQ,EGO,SU9,50.0,97,94,96,733800.00,83,525900.00,11,207900.00
136945,PG0480,Anapa,Belgorod,Europe/Moscow,36.5900993347168,50.643798828125,Sukhoi Superjet-100,3000,2016-11-25T09:25:00Z,2016-11-25T09:27:00Z,2016-11-25T10:15:00Z,2016-11-25T10:17:00Z,AAQ,EGO,SU9,50.0,97,94,96,733800.00,83,525900.00,11,207900.00
136948,PG0480,Anapa,Belgorod,Europe/Moscow,36.5900993347168,50.643798828125,Sukhoi Superjet-100,3000,2016-11-13T09:25:00Z,2016-11-13T09:26:00Z,2016-11-13T10:15:00Z,2016-11-13T10:16:00Z,AAQ,EGO,SU9,50.0,97,97,100,765300.00,85,538500.00,12,226800.00
136951,PG0480,Anapa,Belgorod,Europe/Moscow,36.5900993347168,50.643798828125,Sukhoi Superjet-100,3000,2017-02-02T09:25:00Z,2017-02-02T09:28:00Z,2017-02-02T10:15:00Z,2017-02-02T10:17:00Z,AAQ,EGO,SU9,50.0,97,90,92,720600.00,78,493800.00,12,226800.00
136952,PG0480,Anapa,Belgorod,Europe/Moscow,36.5900993347168,50.643798828125,Sukhoi Superjet-100,3000,2016-11-24T09:25:00Z,2016-11-24T12:25:00Z,2016-11-24T10:15:00Z,2016-11-24T13:16:00Z,AAQ,EGO,SU9,50.0,97,92,94,733800.00,80,507000.00,12,226800.00
136953,PG0480,Anapa,Belgorod,Europe/Moscow,36.5900993347168,50.643798828125,Sukhoi Superjet-100,3000,2017-02-27T09:25:00Z,2017-02-27T09:27:00Z,2017-02-27T10:15:00Z,2017-02-27T10:17:00Z,AAQ,EGO,SU9,50.0,97,97,100,765300.00,85,538500.00,12,226800.00
136956,PG0480,Anapa,Belgorod,Europe/Moscow,36.5900993347168,50.643798828125,Sukhoi Superjet-100,3000,2017-02-04T09:25:00Z,2017-02-04T09:33:00Z,2017-02-04T10:15:00Z,2017-02-04T10:23:00Z,AAQ,EGO,SU9,50.0,97,96,98,746400.00,85,538500.00,11,207900.00
136961,PG0480,Anapa,Belgorod,Europe/Moscow,36.5900993347168,50.643798828125,Sukhoi Superjet-100,3000,2016-12-21T09:25:00Z,2016-12-21T09:27:00Z,2016-12-21T10:15:00Z,2016-12-21T10:16:00Z,AAQ,EGO,SU9,50.0,97,96,98,759000.00,84,532200.00,12,226800.00
